image_id,wall_type,indoor,description_en,description_bn,color_idea
image_001,brick_wall,1,"Campus wall decorated with a championship trophy, cricket-themed banners, celebratory graphics, and congratulatory messages for the winning team.","চ্যাম্পিয়ন দলকে অভিনন্দন জানিয়ে ট্রফি, ক্রিকেট-থিমযুক্ত ব্যানার, উদযাপনমূলক গ্রাফিক্স ও শুভেচ্ছা বার্তায় সাজানো ক্যাম্পাসের দেয়াল।","black,white"
image_002,brick_wall,1,"Campus wall decorated with a football player, football-themed graphics, trophies, motivational quotes, emojis, letters, and sports-related decorative elements.","ফুটবল খেলোয়াড়ের ছবি, ফুটবল-থিমযুক্ত গ্রাফিক্স, ট্রফি, অনুপ্রেরণামূলক উক্তি, ইমোজি, অক্ষর ও খেলাধুলা-সম্পর্কিত সাজসজ্জায় সজ্জিত ক্যাম্পাসের দেয়াল।","black,white,gold"
image_003,brick_wall,1,"Campus wall decorated with cork sheets, colorful paper crafts, traditional designs for Saree-Panjabi Day","শাড়ি-পাঞ্জাবী দিবসের জন্য কর্ক শিট, রঙিন কাগজের কারুকাজ, ঐতিহ্যবাহী নকশা ও উৎসবমুখর সাংস্কৃতিক সাজসজ্জায় সজ্জিত ক্যাম্পাসের দেয়াল।","green,yellow"
image_004,painted_wall,1,"Campus wall decorated with Alpana, traditional artwork, colorful motifs, and Bengali New Year decorations.","আলপনা, লোকজ শিল্প, রঙিন নকশা ও বাংলা নববর্ষের সাজসজ্জায় সজ্জিত ক্যাম্পাসের দেয়াল।","red,white,green"
image_005,wooden_wall,0,"Campus wall decorated with traditional masks, hand fans, dhol, colorful cultural ornaments, and Bengali New Year motifs.","ঐতিহ্যবাহী মুখোশ, হাতপাখা, ঢোল, রঙিন সাংস্কৃতিক অলংকার ও বাংলা নববর্ষের নকশায় সজ্জিত ক্যাম্পাসের দেয়াল।","red,white"
image_006,painted_wall,1,A colorful floral wall decoration with a welcome message made from handmade paper flowers,হাতে তৈরি রঙিন কাগজের ফুল দিয়ে সাজানো স্বাগতম বার্তাসহ দেয়ালসজ্জা,"yellow,orange,red,black"
image_007,bulletin_board,1,A black decorative photo frame with red and white paper flowers for Amar Ekushey celebration.,অমর একুশে উপলক্ষে লাল-সাদা কাগজের ফুল দিয়ে সাজানো কালো ফটো ফ্রেম,"black,white"
image_008,brick_wall,1,"A brick wall decorated for the CSE Carnival with technology-themed artwork, programming competition displays, coding icons, and colorful event decorations","প্রযুক্তি-অনুপ্রাণিত নকশা, প্রোগ্রামিং ইভেন্টের প্রদর্শনী, কোডিং প্রতীক এবং শিক্ষামূলক সৃজনশীল শিল্পকর্মের মাধ্যমে সিএসই কার্নিভালের জন্য আকর্ষণীয়ভাবে সাজানো ইটের দেয়াল","blue,orange,white,green,yellow"
image_009,brick_wall,1,"A creatively designed exhibition wall featuring football-inspired decorations, international country flags, famous athlete portraits, colorful paper crafts, and artistic displays that celebrate sports and cultural diversity.","ফুটবল-অনুপ্রাণিত সাজসজ্জা, বিভিন্ন দেশের পতাকা, বিখ্যাত ক্রীড়াবিদদের প্রতিকৃতি, রঙিন কাগজের শিল্পকর্ম এবং নান্দনিক প্রদর্শনীর মাধ্যমে খেলাধুলা ও সাংস্কৃতিক বৈচিত্র্যকে তুলে ধরা একটি সৃজনশীল প্রদর্শনী দেয়াল","pink,white"
image_010,brick_wall,1,A football-themed wall decoration featuring sports graphics and colorful artistic elements.,ফুটবল ও ক্রীড়াভিত্তিক রঙিন শিল্পকর্ম দিয়ে সাজানো দেয়ালসজ্জা,"black,white,green,yellow"
image_011,brick_wall,1,"Decoration for a cricket league event. Components used include a central event banner, paper cutouts of a batsman, bat, wickets, computer monitor, circuit board, trophy, and motivational slogan banners ('Out on Top', 'No Risk! No Gain!'). Materials used consist of a printed vinyl banner, colored paper cutouts, cardstock, and adhesive tape mounted on an indoor red brick wall.","একটি ক্রিকেট লীগ টুর্নামেন্টের জন্য তৈরি দেয়াল সজ্জা। এতে রয়েছে একটি প্রধান ব্যানার, ব্যাটসম্যান, ব্যাট, উইকেট, কম্পিউটার মনিটর, ট্রফি এবং উদ্বুদ্ধকরণ বাক্য সংবলিত কাগজের কাটআউট। উপকরণ হিসেবে প্রিন্ট করা ভিনাইল ব্যানার, রঙিন কাগজ, কার্ডস্টক এবং আঠা ব্যবহার করে লাল ইটের দেওয়ালে সাঁটানো হয়েছে।","blue, yellow, pink, green"
image_012,brick_wall,1,"Wall decoration for an indoor football tournament. Components used include a central miniature football pitch board with a 3D mini football, a surrounding cluster of colorful inflated balloons, paper chain garlands hanging overhead, and an event poster below. Materials used include a painted board, latex balloons, paper chain links, and a printed paper poster on a red brick wall.","একটি ইনডোর ফুটবল টুর্নামেন্টের জন্য তৈরি দেয়াল সজ্জা। এতে থ্রিডি মিনি ফুটবলসহ একটি ছোট ফুটবল মাঠের বোর্ড, চারপাশে রঙিন বেলুনের ক্লাস্টার, ওপরে ঝোলানো কাগজের শিকল এবং নিচে একটি ইভেন্ট পোস্টার ব্যবহার করা হয়েছে। উপকরণ হিসেবে পেইন্ট করা বোর্ড, ল্যাটেক্স বেলুন, রঙিন কাগজ এবং পোস্টার পেপার ব্যবহার করা হয়েছে।","green, pink, yellow, purple"
image_013,brick_wall,1,"Decoration for a traditional attire cultural day ('Saree Punjabi Dibosh'). Components used include Bengali paper typography arranged diagonally, multi-layered paper chain garlands draped overhead, and pinwheel paper flower rosettes on the sides. Materials used include white paper cutouts, colored paper chain links, and folded paper flower rosettes on a red brick wall.","ঐতিহ্যবাহী পোশাক উদযাপন দিবসের ('শাড়ি পাঞ্জাবি দিবস') জন্য তৈরি সজ্জা। এতে কোনাকুনি সাজানো বাংলা অক্ষরের কাটআউট, ওপরে স্তরযুক্ত কাগজের শিকল এবং দুই পাশে কাগজের তৈরি ফুল ব্যবহার করা হয়েছে। উপকরণ হিসেবে সাদা কাগজ, রঙিন চেইন লিংক এবং ভাঁজ করা কাগজের ফুল ব্যবহার করা হয়েছে।","white, yellow, pink, blue"
image_014,bulletin_board,0,"Photo arch and stage backdrop setup for an Inter-University Programming Contest. Components used include a large circular gear-shaped backdrop frame, a central contest poster, overhead binary code string garlands (1s and 0s), balloon accents, and a gold champion trophy placed on a red cloth-draped pedestal. Materials used include a cutout foam board frame, fabric drape, printed signage, latex balloons, and a metallic trophy in an outdoor corridor.","একটি প্রোগ্রামিং প্রতিযোগিতার জন্য তৈরি ফটোবুথ এবং মঞ্চ সজ্জা। এতে একটি বড় গিয়ার আকৃতির ব্যাকড্রপ ফ্রেম, প্রধান পোস্টার, মাথার ওপরে বাইনারি কোড যুক্ত মালা, বেলুন এবং লাল কাপড়ে ঢাকা মঞ্চে চ্যাম্পিয়ন ট্রফি রাখা হয়েছে। উপকরণ হিসেবে ফোম বোর্ড, কাপড়, সায়নেজ, বেলুন এবং মেটালিক ট্রফি ব্যবহার করা হয়েছে।","green, red, gold, white"
image_015,brick_wall,1,"Sports-themed wall display honoring the Spain national football team. Components used include cutout letters spelling 'SPAIN', national flags, a gold World Cup trophy replica cutout, paper mini footballs, and action photos of team players. Materials used comprise paper cutouts, printed photo paper, cardstock, and adhesive mounted on a red brick wall.","স্পেন জাতীয় ফুটবল দলকে উৎসর্গ করে তৈরি একটি খেলাধুলা-বিষয়ক দেয়াল সজ্জা। এতে 'SPAIN' লেখা অক্ষরের কাটআউট, জাতীয় পতাকা, বিশ্বকাপের সোনালী ট্রফির রেপ্লিকা কাটআউট, মিনি ফুটবল এবং খেলোয়াড়দের ছবি ব্যবহৃত হয়েছে। উপকরণ হিসেবে কাগজের কাটআউট, প্রিন্ট করা ছবি এবং কার্ডস্টক ব্যবহার করা হয়েছে।","red, yellow, brown, white"
image_016,brick_wall,1,"Football legacy and tournament themed photobooth wall display. Components used include a large green goalpost frame cutout, 3D lettering reading 'LEGACY LOADING...', five stars, a World Cup logo emblem, mascot figures, and action photos of iconic football moments. Materials used consist of painted foam board, glitter paper, printed photo sheets, and paper cutouts on a red brick wall.","ফুটবলের ইতিহাস ও টুর্নামেন্ট কেন্দ্রিক ফটোবুথ দেয়াল সজ্জা। এতে বড় সবুজ গোলপোস্ট ফ্রেম, 'LEGACY LOADING...' লেখা থ্রিডি অক্ষর, পাঁচটি তারা, বিশ্বকাপের লোগো, মাসকট এবং বিখ্যাত ফুটবল মুহূর্তের ছবি ব্যবহার করা হয়েছে। উপকরণ হিসেবে পেইন্ট করা ফোম বোর্ড, গ্লিটার পেপার এবং প্রিন্ট করা ছবি ব্যবহৃত হয়েছে।","green, black, yellow, red"
image_017,brick_wall,1,"Sports theme wall display dedicated to the Portugal national football team. Components used include a paper tree structure with green and yellow leaves, 'PORTUGAL' pennant flags, mini football banners, and photo prints of key players and team moments. Materials used include colored paper leaves, a paper tree trunk cutout, printed photo paper, and string pennants on a red brick wall.","পর্তুগাল ফুটবল দলকে উৎসর্গ করে তৈরি একটি দেয়াল সজ্জা। এতে সবুজ ও হলুদ পাতার একটি কাগজের গাছ, 'PORTUGAL' লেখা পতাকা, মিনি ফুটবল ব্যানার এবং খেলোয়াড়দের ছবি ব্যবহৃত হয়েছে। উপকরণ হিসেবে রঙিন কাগজ, গাছের কাণ্ডের কাটআউট, ছবি এবং সুতার তৈরি ব্যানার ব্যবহার করা হয়েছে।","green, yellow, brown, red"
image_018,brick_wall,1,Wall display showcasing group study tour memory photographs. Components used include five printed group tour photos arranged in a cross layout alongside handwritten batch and location code text labels. Materials used are glossy photo print paper with white matted borders taped directly onto an indoor red brick wall.,স্টাডি ট্যুরের স্মৃতি তুলে ধরার জন্য তৈরি ফটো ডিসপ্লে। এতে ক্রস প্যাটার্নে সাজানো পাঁচটি গ্রুপ ছবি এবং পাশে হাতে লেখা ব্যাচ ও লোকেশন কোড সংবলিত টেক্সট রয়েছে। উপকরণ হিসেবে সাদা বর্ডারযুক্ত গ্লসি ফটো পেপার ব্যবহার করা হয়েছে।,"red, white, blue, green"
image_019,brick_wall,1,"Sports fan wall decoration dedicated to the Argentina national football team. Components used include arched blue paper lettering spelling 'ARGENTINA', miniature national flags, a World Cup trophy cutout, a soccer ball cutout, and printed photos of victory celebrations. Materials used comprise paper cutouts, gold cardstock, printed photo sheets, and adhesive mounted on a red brick wall.","আর্জেন্টিনা ফুটবল দলকে উৎসর্গ করে তৈরি একটি সজ্জা। এতে ধনুকাকারে সাজানো আকাশী নীল রঙ্গের 'ARGENTINA' লেখা, ছোট জাতীয় পতাকা, বিশ্বকাপের ট্রফির কাটআউট, ফুটবল এবং বিজয়ের উদযাপনের ছবি ব্যবহার করা হয়েছে। উপকরণ হিসেবে রঙিন কাগজ, সোনালী কার্ডস্টক এবং ছবি প্রিন্ট ব্যবহার করা হয়েছে।","light blue, white, yellow, red"
image_020,brick_wall,1,"Football tournament event wall decoration ('Until The Final Whistle'). Components used include a goal net structure, a silhouette cutout of a player kicking a ball, a grass strip cutout, 3D title text blocks, and multiple football club logo sheets. Materials used consist of string mesh netting, black foam board silhouettes, paper grass cutouts, foam lettering, and printed logo prints on a red brick wall.","ফুটবল টুর্নামেন্ট উপলক্ষে তৈরি দেয়াল সজ্জা। এতে গোলপোস্টের জাল, বল শট করা খেলোয়াড়ের সিলুয়েট কাটআউট, ঘাসের স্ট্রিপ, থ্রিডি শিরোনাম এবং বিভিন্ন ফুটবল ক্লাবের লোগো ব্যবহার করা হয়েছে। উপকরণ হিসেবে সুতার জাল, কালো ফোম বোর্ড, সবুজ কাগজ এবং প্রিন্ট করা লোগো ব্যবহার করা হয়েছে।","black, white, green, red"
image_021,brick_wall,1,"Memory photo display wall for a student batch milestone with batch name in cutout letters. Components used include white 3D title text, multiple group and event photo prints with white matted borders, and handwritten names/labels written directly on the wall bricks. Materials used consist of white 3D foam lettering, glossy photo paper prints, adhesive tape, and chalk/marker lettering on an indoor red brick wall.","একটি শিক্ষার্থী ব্যাচের মাইলফলক উদযাপনের জন্য তৈরি স্মৃতিচিত্র সম্বলিত ফটো ওয়াল। এতে 'TORITTAN 49' লেখা সাদা থ্রিডি অক্ষর, সাদা বর্ডারযুক্ত বিভিন্ন গ্রুপ ও অনুষ্ঠানের ছবি এবং ইটের ওপর হাতে লেখা নাম ও লেবেল ব্যবহার করা হয়েছে। উপকরণ হিসেবে থ্রিডি ফোমের অক্ষর, গ্লসি ফটো পেপার, অ্যাডহেসিভ টেপ এবং চক/মার্কার দিয়ে লাল ইটের দেওয়ালে সাঁটানো হয়েছে।","white, red, blue, brown"
image_022,wooden_wall,1,"Bengali cultural event photobooth backdrop setup. Components used include a large circular backdrop panel featuring white and yellow Alpana art, an arch of hand-painted bamboo winnowing fans (kula) displaying folk paintings, draped red and white fabric, artificial indoor plants, a red flower vase, small seating stools, and red floor carpeting. Materials used consist of printed fabric backdrop, hand-painted bamboo winnowing fans, draped cotton/silk fabric, ceramic and metallic vases, wooden stools, and red floor matting.","বাঙালি সাংস্কৃতিক অনুষ্ঠানের জন্য তৈরি ফটোবুথ ব্যাকড্রপ। এতে সাদা ও হলুদ আলপনা নকশা সংবলিত একটি বড় গোলাকার ব্যাকড্রপ প্যানেল, লোকজ চিত্র আঁকা বাঁশের কুলার অর্ধবৃত্তাকার তোরণ, লাল ও সাদা কাপড়ের ড্র্যাপারি, কৃত্রিম গাছ, লাল ফুলের ফুলদানি, ছোট বসার টুল এবং লাল রঙের গালিচা ব্যবহার করা হয়েছে। উপকরণ হিসেবে প্রিন্ট করা কাপড়ের ব্যাকড্রপ, হাতে আঁকা বাঁশের কুলা, সুতি ও রেশমি কাপড়, সিরামিক ও ধাতব ফুলদানি, কাঠের টুল এবং ফ্লোর ম্যাট ব্যবহৃত হয়েছে।","red, white, yellow, green"
image_023,wooden_wall,1,"Lunar New Year decorative entrance portal and photobooth backdrop. Components used include a freestanding red door-frame arch, pleated paper fans of varying sizes, a hanging red paper lantern, a gold geometric fretwork lattice panel, and floral paper cards. Materials used include painted wooden/cardboard frame structures, accordion-folded red and craft paper fans, paper lantern, foil cardstock lattice cutout, and printed graphic cards.","লুনার নিউ ইয়ারের জন্য তৈরি একটি আলংকারিক প্রবেশদ্বার এবং ফটোবুথ ব্যাকড্রপ। এতে একটি লাল ফ্রেমের দরজার খিলান, বিভিন্ন আকারের ভাঁজ করা কাগজের পাখা, একটি ঝুলন্ত লাল ফানুস, সোনালী জ্যামিতিক নকশার প্যানেল এবং ফুলের নকশা সংবলিত কার্ড ব্যবহার করা হয়েছে। উপকরণ হিসেবে পেইন্ট করা কাঠের/কার্ডবোর্ডের ফ্রেম, লাল ও ক্রাফট পেপারের তৈরি পাখা, কাগজের লণ্ঠন এবং গ্লিটার কার্ডস্টক ব্যবহার করা হয়েছে।","red, gold, yellow, white"
image_024,painted_wall,1,"Traditional spring festival cultural wall display installation. Components used include woven bamboo flat discs (mẹt), a central red diamond banner with calligraphy, traditional bamboo conical hats (nón lá), large red pleated paper fan rosettes, artificial red and cream peonies, and hanging silk tassels. Materials used include hand-woven bamboo discs, miniature bamboo hats, folded heavy paper fans, fabric artificial flowers, cardstock calligraphy diamond, and silk cord tassels mounted on a textured interior wall.","ঐতিহ্যবাহী বসন্ত উৎসবের জন্য তৈরি দেয়াল সজ্জা। এতে বাঁশের তৈরি চাটই বা ডালা (মেট), ক্যালিগ্রাফিযুক্ত লাল ডায়মন্ড ব্যানার, ঐতিহ্যবাহী বাঁশের টুপি (নন লা), লাল পাখা, কৃত্রিম লাল ও ক্রিম রঙের ফুল এবং রেশমি সুতার ঝুলন্ত ট্যাসেল ব্যবহার করা হয়েছে। উপকরণ হিসেবে বাঁশের ডালা, ছোট বাঁশের টুপি, ভাজ করা রঙিন কাগজ, কাপড়ের তৈরি কৃত্রিম ফুল এবং রেশমি সুতার ট্যাসেল দেওয়ালে সাঁটানো হয়েছে।","red, beige, brown, cream"
image_025,backdrop_board,1,"Traditional Mid-Autumn Festival ('Tết Trung Thu') photobooth backdrop setup. Components used include a central circular moon-and-rabbit backdrop board, red fabric draped side curtains, traditional paper lanterns (star, lotus, butterfly shapes), a lion dance head mask replica, tea set on a yellow tablecloth-covered stand, and wooden seating. Materials used comprise draped red fabric, woven bamboo mats, paper lanterns, plush lion head prop, ceramic tea set, wooden stools, and printed backdrop board.","ঐতিহ্যবাহী মধ্য-শরৎ উৎসবের (মিড-অটাম ফেস্টিভ্যাল) জন্য তৈরি ফটোবুথ ব্যাকড্রপ। এতে চাঁদ ও খরগোশ অঙ্কিত একটি গোলাকার বোর্ড, দুই পাশে ঝুলানো লাল কাপড়ের পর্দা, ঐতিহ্যবাহী কাগজের ফানুস ও হারিকেন (তারা, পদ্ম ও প্রজাপতি আকৃতির), একটি লায়ন ড্যান্সের মুখোশ, হলুদ কাপড়ে ঢাকা টেবিলে রাখা চা পরিবেশন সেট এবং কাঠের টুল ব্যবহার করা হয়েছে। উপকরণ হিসেবে লাল কাপড়, বাঁশের পার্টি, কাগজের লণ্ঠন, প্লাশ লায়ন হেড, সিরামিক চা সেট এবং কাঠের টুল ব্যবহৃত হয়েছে।","red, yellow, white, brown"
image_026,painted_wall,1,"Bengali New Year ('Pohela Boishakh') folk art decorative photo board setup. Components used include hand-painted folk masks depicting tigers, owls, and elephants, a central woven bamboo winnowing fan (kula) inscribed with traditional Bengali calligraphy ('Shubho Noboborsho'), a multi-colored paper pinwheel, and a miniature folk drum (damru) on a wooden stool in front. Materials used consist of painted paper-mâché/cardstock masks, woven bamboo kula, colored paper pinwheel, wooden stool, and painted clay drum props.","পহেলা বৈশাখ উপলক্ষে তৈরি লোকশিল্পভিত্তিক আলংকারিক ফটো বোর্ড। এতে বাঘ, পেঁচা ও হাতির হাতে আঁকা লোকজ মুখোশ, 'শুভ নববর্ষ' লেখা একটি বাঁশের কুলা, রঙিন কাগজের চরকি এবং সামনে কাঠের টুলের ওপর রাখা একটি ছোট ডুগডুগি/ডমরু ব্যবহার করা হয়েছে। উপকরণ হিসেবে পেপার-ম্যাশ/কার্ডস্টকের মুখোশ, বাঁশের কুলা, রঙিন কাগজ, কাঠের টুল এবং মাটির তৈরি খেলনা ডমরু ব্যবহৃত হয়েছে।","red, yellow, blue, green"
image_027,wooden_wall,0,"Backdrop decoration for a traditional festival . Components used include large vertical display panels with white line art depicting traditional cooking utensils and rural motifs, a diamond-shaped glitter art board, hand-painted traditional clay pots (matkas/handis) lined on the floor, and patterned carpet flooring. Materials used comprise painted backdrop boards, glitter panel, hand-painted terracotta clay pots, printed fabric covers, and venue carpeting.","ঐতিহ্যবাহী মেলার জন্য তৈরি ফটোবুথ ও স্টেজ ব্যাকড্রপ। এতে ঐতিহ্যবাহী রান্নার হাঁড়িপাতিল ও গ্রামীণ দৃশ্য সংবলিত বড় ডিসপ্লে প্যানেল, ডায়মন্ড আকৃতির গ্লিটার আর্ট বোর্ড, মেঝেতে রাখা হাতে আঁকা রঙিন মাটির হাঁড়ি/মটকা এবং নকশাদার কার্পেট ব্যবহার করা হয়েছে। উপকরণ হিসেবে পেইন্ট করা ব্যাকড্রপ বোর্ড, গ্লিটার প্যানেল, টেরাকোটা মাটির পাতিল এবং কার্পেট ব্যবহার করা হয়েছে।","red, yellow, orange, blue"
image_028,painted_wall,0,"Folk art exhibition wall display featuring hand-painted bamboo winnowing fans. Components used include a wooden grid frame structure holding fifteen hand-painted bamboo winnowing fans (kula) decorated with traditional folk motifs (owls, deities, lotus flowers, musical instruments, rural portraits), an orange backdrop curtain, and marigold flower garlands. Materials used consist of hand-painted woven bamboo winnowing fans, wooden lattice framework, orange fabric drape, and flower garlands.","হাতে আঁকা বাঁশের কুলার প্রদর্শনী দেয়াল সজ্জা। এতে একটি কাঠের গ্রিড ফ্রেমের মধ্যে ১৫টি হাতে আঁকা বাঁশের কুলা সাজানো হয়েছে, যেখানে পেঁচা, দেবী, পদ্মফুল, বাদ্যযন্ত্র ও গ্রামীণ প্রতিকৃতির মতো ঐতিহ্যবাহী লোকশিল্প আঁকা রয়েছে। পেছনে রয়েছে কমলা রঙের কাপড়ের পর্দা এবং গাঁদা ফুলের মালা। উপকরণ হিসেবে হাতে আঁকা বাঁশের কুলা, কাঠের ফ্রেম ও কাপড়ের পর্দা ব্যবহার করা হয়েছে।","yellow, orange, red, black"
image_029,painted_wall,1,"Wall decoration for Bengali New Year ('Shubho Noboborsho'). Components used include hand-drawn poster panels featuring traditional Bengali typography, year digits ('1429'), and intricate Alpana/Paisley (Kalka) folk motifs, surrounded by colorful folded paper fan rosettes and circular mirror accents. Materials used include white and colored poster paper, acrylic paints, folded paper fan rosettes, mini mirrors, and adhesive mounted on a green painted indoor wall.","বাংলা নববর্ষ উদযাপন উপলক্ষে তৈরি দেয়াল সজ্জা। এতে হাত দিয়ে আঁকা 'শুভ নববর্ষ ১৪২৯' লেখা পোস্টার, ঐতিহ্যবাহী আলপনা ও কলকা নকশা, চারপাশে রঙিন কাগজের তৈরি পাখা এবং ছোট ছোট আয়নার টুকরো ব্যবহার করা হয়েছে। উপকরণ হিসেবে আর্ট পেপার, এক্রিলিক পেইন্ট, ভাজ করা রঙিন কাগজ, আয়না এবং আঠা দিয়ে সবুজ রঙ্গের দেওয়ালে সাঁটানো হয়েছে।","red, green, yellow, white"
image_030,bulletin_board,1,"Bengali New Year festival decorative prop ('Shubho Noboborsho'). Components used include a large kite-shaped cutout board decorated with colorful glitter typography, folk drawings of a traditional drum (dhak) draped in floral motifs, and a lower peacock-tail tailpiece cutout. Materials used comprise lightweight white foam board, glitter powder, multi-colored paint.","পহেলা বৈশাখ উদযাপনের জন্য তৈরি ঘুড়ি আকৃতির আলংকারিক প্রপস। এতে 'শুভ নববর্ষ' লেখা রঙিন গ্লিটার টাইপোগ্রাফি, ঐতিহ্যবাহী ঢাকের লোকজ চিত্র এবং নিচে ময়ূরপুচ্ছের কাটআউট ব্যবহার করা হয়েছে। উপকরণ হিসেবে হালকা সাদা ফোম বোর্ড, গ্লিটার পাউডার, অ্যাক্রিলিক রঙ এবং কার্ডস্টক ব্যবহার করা হয়েছে।","white, blue, pink, yellow"
image_031,painted_wall,1,"Bengali New Year ('Pohela Boishakh') folk art poster illustration ('Esho He Boishakh'). Components used include a central winnowing fan (kula) motif inscribed with calligraphy, surrounded by traditional symbols such as a terracotta clay pot (matka), a folk drum (dhak), banana leaves, paper pinwheels (chorkhi), fish, birds, wheat stalks, and colorful bunting flags. Materials used include hand-drawn colored pencil, ink, and marker artwork on paper.","পহেলা বৈশাখ উপলক্ষে 'এসো হে বৈশাখ' লেখা লোকশিল্পভিত্তিক পোস্টার ইলাস্ট্রেশন। এতে মাঝখানে ক্যালিগ্রাফিযুক্ত কুলার নকশা এবং চারপাশে ঐতিহ্যবাহী মাটির হাঁড়ি, ঢাক, কলা পাতা, কাগজের চরকি, মাছ, পাখি, ধানের শীষ ও রঙিন পতাকা আঁকা হয়েছে। উপকরণ হিসেবে আর্ট পেপারে কালার পেন্সিল, কালি এবং মার্কার পেন দিয়ে হাত দিয়ে আঁকা হয়েছে।","yellow, red, green, brown"
image_032,brick_wall,1,"Folk-themed red brick wall decoration with mirror work. Components used include hand-painted arch-shaped wooden frames (jharokhas) and circular clay plates (shoras/matkas) decorated with small mirror pieces (shisha work) and colorful folk motifs including birds, owls, lotus flowers, and monuments. Materials used consist of painted wooden/cardboard frames, terracotta clay plates, craft mirrors, and acrylic paint mounted on an exposed red brick wall.","আয়নার কাজ সংবলিত লাল ইটের দেয়াল সজ্জা। এতে ছোট ছোট আয়না (শিশা ওয়ার্ক) এবং পাখি, পেঁচা, পদ্মফুল ও সৌধের চিত্রসহ হাতে আঁকা খিলান আকৃতির কাঠের ফ্রেম (ঝরোকা) ও গোলাকার মাটির সরা ব্যবহার করা হয়েছে। উপকরণ হিসেবে পেইন্ট করা কাঠের ফ্রেম, মাটির সরা, ক্রাফট মিরর এবং এক্রিলিক রঙ দিয়ে ইটের দেওয়ালে সাজানো হয়েছে।","red, pink, orange, green"
image_033,painted_wall,1,"Traditional musical instrument exhibition wall display. Components used include fifteen house-shaped wooden display plaques mounted on a grey wall, each holding a miniature replica of an Indian classical/folk musical instrument (sitar, tabla, ektara, flute, sarangi, harmonium, etc.) with printed name labels, along with two large painted terracotta folk drums placed on the floor below. Materials used comprise wooden plaque boards, fabric backing, miniature instrument props, printed labels, and hand-painted clay drums.","ঐতিহ্যবাহী বাদ্যযন্ত্রের প্রদর্শনী দেয়াল সজ্জা। এতে ধূসর রঙের দেওয়ালে টাঙানো ১৫টি ঘরের আকৃতির কাঠের বোর্ড রয়েছে, যার প্রতিটিতে নামসহ বিভিন্ন লোকজ ও শাস্ত্রীয় বাদ্যযন্ত্রের (সেতার, তবলা, একতারা, বাঁশি, সারঙ্গি, হারমোনিয়াম ইত্যাদি) ছোট প্রতিকৃতি এবং নিচে মেঝেতে দুটি হাতে আঁকা বড় মাটির ঢাক/ঢোল রাখা হয়েছে। উপকরণ হিসেবে কাঠের প্যানেল, কাপড়ের ব্যাকগ্রাউন্ড, ছোট বাদ্যযন্ত্রের মডেল এবং হাতে আঁকা মাটির ঢোল ব্যবহৃত হয়েছে।","grey, yellow, brown, orange"
image_034,brick_wall,1,"Festive mirror-work jharokha and clay plate decorative installation on an indoor brick wall. Components used include brightly painted arched window frames (jharokhas) studded with small round craft mirrors and hand-painted clay plates featuring floral and geometric designs, including hanging tassel accents. Materials used consist of painted wooden frames, terracotta plates, craft mirrors, thread tassels, and acrylic paint on a red brick wall.","লাল ইটের দেওয়ালে আয়নার কাজ করা ঝরোকা ও মাটির সরার আলংকারিক সজ্জা। এতে ছোট ছোট আয়না বসানো উজ্জ্বল রঙের ঝরোকা ফ্রেম, হাতে আঁকা ফুল ও জ্যামিতিক নকশার মাটির সরা এবং ঝুলন্ত সুতার ট্যাসেল ব্যবহার করা হয়েছে। উপকরণ হিসেবে রঙিন কাঠের ফ্রেম, মাটির থালা/সরা, আয়নার টুকরো, ট্যাসেল এবং এক্রিলিক রঙ ব্যবহৃত হয়েছে।","red, pink, turquoise, yellow"
image_035,painted_wall,1,"Traditional window frame wall hanging with folk craft accents. Components used include an orange-painted six-grid wooden window frame lined with natural jute/burlap fabric, decorated inside with square hand-painted mandala tiles and green wooden parrot figures (tiya pakhi), featuring hanging painted terracotta bells at the bottom. Materials used comprise a painted wooden frame, jute burlap, hand-painted ceramic/wooden tiles, carved wooden bird figures, painted clay bells, and climbing ivy vines.","ঐতিহ্যবাহী লোকশিল্পের ছোঁয়া সংবলিত কাঠের জানালার ফ্রেমের দেয়াল সজ্জা। এতে পাট বা চটের কাপড়ের ব্যাকগ্রাউন্ডসহ একটি কমলা রঙের ছয়-ঘরের কাঠের জানালার ফ্রেম রয়েছে, যার ভেতরে হাতে আঁকা স্কয়ার মান্ডালা টাইলস এবং সবুজ কাঠের টিয়া পাখি এবং নিচে ছোট ছোট মাটির বেল বা ঘণ্টা ঝুলানো হয়েছে। উপকরণ হিসেবে কাঠের ফ্রেম, চটের কাপড়, হ্যান্ড-পেইন্টেড টাইলস, কাঠের পাখি, মাটির ঘণ্টা এবং লতা পাতা ব্যবহার করা হয়েছে।","orange, green, yellow, brown"
image_036,painted_wall,1,"Rajasthani festive photo corner installation. Components used include a white interior wall with large painted cutout props featuring a yellow-and-red traditional window frame, a large styled mustache prop above, a folk drum (dholak), a decorated camel cutout, and traditional folk puppets, paired with floor props including a brass urli bowl filled with water and fresh red rose petals and antique metallic vases. Materials used consist of painted foam board/cardboard cutouts, acrylic paint, brass urli bowl, rose petals, and decorative metal urns.","রাজস্থানী উৎসবের ছোঁয়ায় তৈরি আলংকারিক ফটো কর্নার। এতে সাদা দেওয়ালে লাগানো বড় কাটআউট প্রপস (হলুদ ও লাল রঙের ঐতিহ্যবাহী জানালা, বড় গোঁফ, ঢোলক, সাজানো উট এবং লোকজ পুতুল) এবং মেঝেতে রাখা পানিতে লাল গোলাপের পাপড়ি সংবলিত পিতলের উরলি বাটি এবং অ্যান্টিক ধাতব ফুলদানি ব্যবহার করা হয়েছে। উপকরণ হিসেবে পেইন্ট করা ফোম বোর্ড কাটআউট, এক্রিলিক রঙ, পেতলের পাত্র, গোলাপের পাপড়ি এবং ধাতব ফুলদানি ব্যবহৃত হয়েছে।","yellow, red, orange, brown"
image_037,backdrop_board,1,"Rajasthani folk art decorated bamboo winnowing fan (kula) wall craft. Components used include a yellow woven bamboo winnowing fan decorated with folk art portraits of a royal couple wearing modern sunglasses, gold ric-rac lace trim, mini mirrors, zig-zag border ribbons, and multi-colored hanging silk thread tassels at the bottom. Materials used include woven bamboo kula, acrylic paint, craft mirrors, decorative lace and ribbons, and silk thread tassels.","রাজস্থানী লোকশিল্পের ধাঁচে সাজানো বাঁশের কুলার দেয়াল সজ্জা। এতে চশমা পরিহিত রাজস্থানী দম্পতির লোকজ প্রতিকৃতি আঁকা একটি হলুদ বাঁশের কুলা, সোনালী লেইস, ছোট আয়না, রঙিন রিবন এবং নিচে ঝুলন্ত সুতার রেশমি ট্যাসেল ব্যবহার করা হয়েছে। উপকরণ হিসেবে বাঁশের কুলা, এক্রিলিক রঙ, আয়না, গোটাপাত্তি/লেইস এবং রেশমি সুতার ট্যাসেল ব্যবহৃত হয়েছে।","yellow, red, blue, gold"
image_038,wooden_wall,1,"Exhibition display wall filled with miniature hand-painted Rajasthani Jharokha window frames. Components used include a natural wooden plank wall covered with numerous colorful arched window frames and mirrors in various shades (blue, green, yellow, red, turquoise, black) decorated with detailed Mughal and Rajasthani miniature floral painting. Materials used comprise carved solid wood window frames, mirrors, and detailed hand-painted acrylic artwork on a raw wood panel background.","হাতে আঁকা ছোট ছোট রাজস্থানী ঝরোকা জানালার ফ্রেমে সজ্জিত কাঠের দেয়াল। এতে প্রাকৃতিক কাঠের তক্তার দেওয়ালে নীল, সবুজ, হলুদ, লাল, টার্কয়েজ ও কালো রঙের বহুসংখ্যক খিলানযুক্ত কাঠের জানালা ও আয়না টাঙানো হয়েছে, যাতে সূক্ষ্ম মুঘল ও রাজস্থানী ক্ষুদ্রচিত্র আঁকা রয়েছে। উপকরণ হিসেবে খোদাই করা কাঠের ঝরোকা ফ্রেম, আয়না এবং এক্রিলিক পেইন্টিং ব্যবহৃত হয়েছে।","blue, green, yellow, red"
image_039,backdrop_board,1,"Festive photobooth frame backdrop for Haldi and Mehendi ceremonies. Components used include a square metal/wooden frame wrapped in vibrant lime green and pink ribbon, from which multiple circular hoops lined with tie-dye Leheriya/Bandhani fabrics (yellow, orange, purple, magenta) and long colorful silk tassels are suspended, interspersed with hanging gold tinsel balls. Materials used consist of metal/PVC frame, satin ribbon, wooden embroidery hoops, tie-dye printed fabric, silk thread tassels, and glitter foil balls.","হলুদ ও মেহেদি সন্ধ্যার জন্য তৈরি উৎসবমুখর ফটোবুথ ফ্রেম ব্যাকড্রপ। এতে টিয়া সবুজ ও গোলাপি ফিতায় মোড়ানো একটি বর্গাকার ফ্রেম রয়েছে, যেখান থেকে লেহেরিয়া/বান্ধেজি টাই-ডাই কাপড়ে ঢাকা অনেকগুলো গোলাকার রিং, রঙিন সুতার ট্যাসেল এবং ঝুলন্ত সোনালী গ্লিটার বল ঝুলিয়ে দেওয়া হয়েছে। উপকরণ হিসেবে মেটাল/পিভিসি ফ্রেম, স্যাটিন ফিতা, কাঠের রিং, টাই-ডাই কাপড়, সুতার ট্যাসেল এবং গ্লিটার ফয়েল বল ব্যবহৃত হয়েছে।","green, pink, yellow, purple"
image_040,painted_wall,1,"Peacock and traditional motif festive photo booth frame prop setup. Components used include a large dark green rectangular frame embellished with paper cutouts of paisley motifs (kalka), festive bells, terracotta clay pots (kalash), and diyas, flanked on both sides by two large floor-standing cutout peacocks with intricate colorful feathers and potted palm plants in terracotta pots. Materials used consist of painted foam board/cardboard cutouts, acrylic paint, potted indoor palm plants, and clay pots.","উৎসবের আমেজে তৈরি ময়ূর ও লোকজ নকশার ফটোবুথ ফ্রেম সজ্জা। এতে কলকা নকশা, ঘণ্টা, মাটির কলশ ও প্রদীপ (দিয়া) দিয়ে সাজানো একটি বড় গাঢ় সবুজ ফ্রেম রয়েছে, যার দুই পাশে রঙিন ডানাযুক্ত দুটি বড় মাটির/বোর্ডের ময়ূর কাটআউট এবং দুটি টবে রাখা পাম গাছ রয়েছে। উপকরণ হিসেবে পেইন্ট করা ফোম বোর্ড, এক্রিলিক রঙ এবং টবে রাখা পাতাবাহার গাছ ব্যবহৃত হয়েছে।","green, yellow, blue, orange"
image_041,painted_wall,0,"Art and Craft Exhibition photo booth backdrop setup. Components used include a white fabric backdrop bearing glittery text 'ART & CRAFT EXHIBITION', decorated with large butterfly props, giant prop paint tubes labeled 'PAINT', a box of oversized crayons labeled 'CRAYON', giant pencils, a huge paintbrush prop, and draped rainbow cloth. Materials used comprise white sheet backdrop, draped colorful satin fabrics, oversized papercraft art props, glitter cardstock, and craft paint.","আর্ট অ্যান্ড ক্রাফট প্রদর্শনীর ফটোবুথ ব্যাকড্রপ সজ্জা। এতে 'ART & CRAFT EXHIBITION' লেখা সাদা কাপড়ের ব্যাকগ্রাউন্ডের সামনে বড় প্রজাপতির কাটআউট, 'PAINT' লেখা বিশাল রঙের টিউব, 'CRAYON' পেস্টেল বক্স, বড় পেন্সিল, তুলি এবং রঙিন ড্রেপ করা কাপড় ব্যবহার করা হয়েছে। উপকরণ হিসেবে সাদা ব্যাকড্রপ কাপড়, রঙিন স্যাটিন কাপড়, ফোম বোর্ড প্রপস, গ্লিটার পেপার এবং রঙ ব্যবহৃত হয়েছে।","red, yellow, blue, pink"
image_042,wooden_wall,0,"Traditional folk craft installation mounted on a vertical wooden charpai (woven cot). Components used include a raw wooden frame charpai used as a vertical display panel, decorated with pink-and-red fabric-lined hand-woven palm leaf fans (pakha), miniature folk drums (dholak/damru), round mirrors, hanging silk tassels (latkan), and topped with a vintage large metallic loudspeaker horn. Materials used consist of wooden woven cot, hand fans, cloth trim, miniature drums, mirrors, tassels, and a metal horn speaker.","খাড়া চারপায়া (কাঠের খাটিয়া) দিয়ে তৈরি ঐতিহ্যবাহী লোকশিল্প সজ্জা। এতে খাড়াভাবে রাখা একটি চারপায়াকে প্রদর্শন প্যানেল হিসেবে ব্যবহার করে তাতে লাল-গোলাপি কাপড়ের বর্ডার দেওয়া তালপাখা, ছোট ডুগডুগি/ঢোলক, গোল আয়না, সুতার ট্যাসেল এবং ওপরে একটি বড় মেটালের মাইক/লাউডস্পিকার বসানো হয়েছে। উপকরণ হিসেবে কাঠের চারপায়া, তালপাখা, মাটির ছোট ঢোল, সুতার ট্যাসেল, কাপড় এবং মেটাল হর্ন ব্যবহৃত হয়েছে।","brown, red, pink, yellow"
image_043,painted_wall,1,"Folk art decorated vertical display pillars. Components used include two tall bright green rectangular wooden/board columns decorated with hand-painted Bengali folk birds (tiya/pakhi) featuring intricate mandala and floral patterns, topped with large pink-and-yellow lotus flowers and traditional scroll motifs. Materials used comprise painted MDF/wooden pillars, acrylic paint, and folk art cutouts mounted on silver bases.","লোকশিল্পের চিত্রকর্ম সংবলিত খাড়া আলংকারিক পিলার সজ্জা। এতে দুটি লম্বা টিয়া-সবুজ রঙের কাঠের পিলারে হাতে আঁকা লোকজ পাখি, ফুল ও মান্ডালা নকশা করা হয়েছে, যার ওপরে গোলাপি-হলুদ ফুল এবং নিচে রূপালী বেস স্ট্যান্ড রয়েছে। উপকরণ হিসেবে কাঠের পিলার, এক্রিলিক রঙ এবং লোকজ চিত্রকর্ম কাটআউট ব্যবহৃত হয়েছে।","green, pink, blue, yellow"
image_044,wooden_wall,0,"Outdoor wooden grid installation decorated with traditional hand fans and winnowing tray. Components used include a large freestanding light wood lattice frame featuring a central round woven bamboo winnowing tray (kula) decorated with a red-and-green painted butterfly cutout, surrounded by a circular arrangement of hand-woven palm leaf fans (pakha) bordered with red pleated fabric. Materials used include wooden grid frame, bamboo winnowing tray, woven palm fans, pleated fabric trim, and painted butterfly prop.","ঐতিহ্যবাহী তালপাখা ও মাটির/বাঁশের সরা দিয়ে সাজানো বহিরাঙ্গন কাঠের গ্রিড ইন্সটলেশন। এতে একটি খাড়া কাঠের ফ্রেমের মাঝে প্রজাপতি আঁকা গোলাকার বাঁশের ডালা/কুলা এবং তার চারপাশে বৃত্তাকারে লাল কাপড়ের বর্ডার দেওয়া তালপাখা বসানো হয়েছে। উপকরণ হিসেবে কাঠের গ্রিড ফ্রেম, বাঁশের ডালা, তালপাখা, লাল কাপড় এবং প্রজাপতির কাটআউট ব্যবহৃত হয়েছে।","brown, red, yellow, green"
image_045,backdrop_board,1,"Festive hanging paper kite wall curtain backdrop. Components used include multiple vertical strands suspended from ceiling to floor, laden with colorful 3D folded paper kites/fish shapes in bright shades of pink, yellow, blue, orange, and purple hung against a grey plaster wall with horizontal dark wood slats. Materials used consist of colorful craft paper, string, and wall hanging fixtures.","কাগজের রঙিন ঘুড়ি/মাছ দিয়ে তৈরি ঝুলন্ত দেয়াল পরদা সজ্জা। এতে ধূসর ব্যাকগ্রাউন্ডের দেওয়ালে সুতা দিয়ে ওপর থেকে নিচে ঝুলিয়ে দেওয়া থ্রিডি আকৃতির রঙিন কাগজের ঘুড়ি/মাছ ব্যবহার করা হয়েছে (গোলাপি, হলুদ, নীল, কমলা ও বেগুনি রঙের)। উপকরণ হিসেবে রঙিন ক্রাফট পেপার, সুতা এবং দেয়াল হ্যাঙ্গার ব্যবহৃত হয়েছে।","pink, blue, orange, yellow"
image_046,painted_wall,1,"Set of round folk art hand-painted wooden coasters/wall plates. Components used include circular wooden display plates featuring traditional Indian/Bengali folk art motifs (Pattachitra/Madhubani style) depicting fish among lotus leaves, colorful peacocks, floral mandalas, and aquatic birds with fine line detailing. Materials used comprise circular wooden boards, acrylic paint, and clear protective varnish.","হাতে আঁকা লোকশিল্পের গোলাকার কাঠের প্লেট/কোস্টার সজ্জা। এতে লোকজ ধারার (পটুয়া/মধুবনী) মাছ, ময়ূর, পদ্মফুল এবং জলচর পাখির রঙিন চিত্রকর্ম সংবলিত গোলাকার কাঠের ডিস্ক ব্যবহার করা হয়েছে। উপকরণ হিসেবে গোলাকার কাঠের বোর্ড, এক্রিলিক রঙ এবং ভার্নিশ ব্যবহৃত হয়েছে।","blue, yellow, green, red"
image_047,painted_wall,1,"Set of vertical folk art illustrations (Madhubani/Pattachitra style). Components used include three long rectangular artistic panels depicting a pink-and-green fish on yellow background, a pair of adorned royal elephants under a parasol on turquoise background, and a colorful parrot perched on a branch on royal blue background. Materials used consist of heavy art paper, gouache/acrylic paint, and ink liner pens.","খাড়া প্যানেলের লোকশিল্প ইলাস্ট্রেশন (মধুবনী/পটচিত্র শৈলী)। এতে হলুদ ব্যাকগ্রাউন্ডে গোলাপি মাছ, টার্কয়েজ ব্যাকগ্রাউন্ডে ছাতা মাথায় সজ্জিত রাজকীয় হাতি জোড়া এবং গাঢ় নীল ব্যাকগ্রাউন্ডে ফুল গাছে বসা তোতা পাখির চিত্র আঁকা হয়েছে। উপকরণ হিসেবে আর্ট পেপার, গোয়াশ/এক্রিলিক রঙ এবং কালি ব্যবহার করা হয়েছে।","yellow, turquoise, blue, red"
image_048,bulletin_board,1,"Traditional 'Pitha Utsab' (Bengali Winter Cake Festival) decorative display poster. Components used include Bengali calligraphy titled 'পিঠা উৎসব', an artwork cutout of a woman in a yellow-and-blue saree holding a tray of traditional winter cakes (pitha), a wicker basket filled with pitha models, a decorated terracotta pot, paper light string bunting, and paper date palm trees on a black background bordered with zig-zag pink edges. Materials used comprise black display board, colorful craft paper, felt/foam cutouts, and glitter sheets.","ঐতিহ্যবাহী 'পিঠা উৎসব' আলংকারিক ডিসপ্লে বোর্ড সজ্জা। এতে 'পিঠা উৎসব' লেখা বাংলা ক্যালিগ্রাফি, পিঠার ডালা হাতে শাড়ি পরা নারীর চিত্রপ্রতীক, পিঠার ঝুড়ি, আলপনা আঁকা মাটির হাঁড়ি, কাগজের বাতির মালা এবং খেজুর গাছের কাটআউট ব্যবহার করা হয়েছে। উপকরণ হিসেবে কালো আর্ট বোর্ড, রঙিন পেপার, ফোম শট এবং গ্লিটার পেপার ব্যবহৃত হয়েছে।","black, yellow, pink, blue"
image_049,bulletin_board,1,"Spring and Easter festive photo backdrop board titled 'Hello SPRING'. Components used include a large rectangular white board with a purple border, featuring bold yellow 'SPRING' lettering with polka dots, large 3D paper flowers in pink, orange, and yellow, green paper leaves, a multi-colored butterfly cutout, and patterned Easter eggs with bunny ears in the corner. Materials used include white mounting board, cardstock paper flowers, glitter sheet butterfly, and foam board cutouts.","বসন্ত উৎসবের 'Hello SPRING' আলংকারিক ফটো ব্যাকড্রপ বোর্ড। এতে 'Hello SPRING' লেখা সাদা বোর্ডের চারপাশে বড় গোলাপি, কমলা ও হলুদ ত্রিমাত্রিক কাগজের ফুল, সবুজ পাতা, রঙিন প্রজাপতি এবং কোণায় খরগোশের কান সংবলিত রঙিন ইস্টার ডিমের চিত্র ব্যবহার করা হয়েছে। উপকরণ হিসেবে মাউন্টিং বোর্ড, কার্ডস্টক পেপার ফুল, গ্লিটার পেপার প্রজাপতি এবং এক্রিলিক রঙ ব্যবহৃত হয়েছে।","purple, yellow, orange, pink"
image_050,bulletin_board,1,"Happy Baisakhi festival display. Components used include orange typography reading 'HAPPY BAISAKHI', top and middle rows of colorful triangle bunting flags (green, pink, orange), paper cutouts of a Punjabi man in turban performing Bhangra dance and a woman in traditional Punjabi salwar suit performing Gidda dance, paper flower, green grass strip, and colorful wheat stalks. Materials used consist of a yellow cardboard backdrop, colored paper cutouts, paper bunting garlands, and a dark wooden display frame.","'HAPPY BAISAKHI' শিরোনামের বৈশাখী উৎসব আলংকারিক সজ্জা। এতে 'HAPPY BAISAKHI' লেখা কমলা টেক্সট, রঙিন ত্রিভুজ পতাকার মালা, ঐতিহ্যবাহী পোশাকে ভাঙড়া ও গিদ্ধা নৃত্যরত পাঞ্জাবি নারী-পুরুষের চিত্র কাটআউট, ফুল, সবুজ ঘাসের স্ট্রিপ এবং রঙিন গমের ছড়ার কাটআউট রয়েছে। উপকরণ হিসেবে হলুদ আর্ট বোর্ড, রঙিন কাগজের কাটআউট, পেপার ফ্ল্যাগ ব্যানার এবং কাঠের ডিসপ্লে ফ্রেম ব্যবহৃত হয়েছে।","yellow, orange, green, pink"
image_051,painted_wall,1,"Happy Baisakhi festival paper craft poster. Components used include colorful cutout letters spelling 'HAPPY BAISAKHI', two hand-painted folk birds perched on a traditional dhol drum and wheat stalks, green leaf cutouts, gold wheat harvest drawings, and 3D paper flower rosettes with central glitter gem embellishments. Materials used comprise yellow craft board, green scalloped border paper, colored paper cutouts, acrylic paint, and decorative gem stickers.","'HAPPY BAISAKHI' থিমের হস্তশিল্প পোস্টার বোর্ড সজ্জা। এতে রঙিন কাটআউট অক্ষরে 'HAPPY BAISAKHI' লেখা, ঐতিহ্যবাহী ঢোল ও গমের ছড়ার ওপর বসা দুটি চিত্রিত পাখি, সবুজ পাতা, সোনালী রঙের গমের ছড়া এবং মাঝে চকচকে পাথর বসানো থ্রিডি পেপার ফুল ব্যবহার করা হয়েছে। উপকরণ হিসেবে হলুদ বোর্ড, সবুজ বর্ডার পেপার, রঙিন কাগজের কাটআউট, এক্রিলিক রঙ এবং আলংকারিক স্টিকার ব্যবহৃত হয়েছে।","yellow, green, orange, pink"
image_052,painted_wall,1,"Traditional Bengali folk owl mask craft (Lokkhi Pecha). Components used include an oval red paper base decorated with white paint strokes and flower motifs, an intricate yellow folded 3D owl face with wide concentric circular eyes, a prominent red beak, and patterned brow and chin feathers. Materials used consist of red and yellow cardstock, acrylic paint, and fine paintbrush detailing.","ঐতিহ্যবাহী বাঙালি আল্পনা ও লোকশিল্পের পেঁচা মাস্ক (লক্ষ্মী পেঁচা) ক্রাফট সজ্জা। এতে সাদা আল্পনা নকশা ও ফুল আঁকা উপবৃত্তাকার লাল বেস বোর্ডের ওপর বড় গোলাকার চোখ, লাল ঠোঁট এবং নিখুঁত আলংকারিক পালক সংবলিত থ্রিডি হলুদ পেঁচা মাস্ক বসানো হয়েছে। উপকরণ হিসেবে লাল ও হলুদ কার্ডস্টক, এক্রিলিক রঙ এবং তুলির সূক্ষ্ম কাজ ব্যবহার করা হয়েছে।","red, yellow, white, black"
image_053,painted_wall,1,"Bengali folk art wall decor featuring an owl mask and decorated bamboo winnowing fan (kula). Components used include a large oval green wall panel with a colorful blue-and-pink 3D folk owl mask, mounted alongside a traditional bamboo winnowing fan decorated with folk bird paintings and floral patterns. Materials used consist of painted papercraft masks, bamboo kula tray, acrylic paint, and wall hanging fixtures.","লোকশিল্পের পেঁচা মাস্ক এবং সজ্জিত বাঁশের কুলা দিয়ে তৈরি দেয়াল সজ্জা। এতে সবুজ রঙের উপবৃত্তাকার প্যানেলে বসানো রঙিন থ্রিডি পেঁচা মাস্ক এবং পাশে চিত্রিত পাখি ও ফুল আঁকা একটি ঐতিহ্যবাহী বাঁশের কুলা ব্যবহার করা হয়েছে। উপকরণ হিসেবে পেপার মাস্ক, বাঁশের কুলা, এক্রিলিক রঙ এবং ওয়াল হ্যাঙ্গার ব্যবহার করা হয়েছে।","green, blue, yellow, orange"
image_054,painted_wall,1,"Decorative display wall setup for 'Pitha Utsab 2017' (Bengali Cake Festival). Components used include bamboo winnowing trays (kula) carrying black Bengali typography spelling 'পিঠা উৎসব', four small round painted plates displaying the Bengali year, and hanging mini terracotta pot models and decorated plates on the right. Materials used comprise bamboo winnowing fans, painted terracotta plates, miniature clay pot garlands, black paint, and white backdrop sheeting.","'পিঠা উৎসব' উপলক্ষে তৈরি আলংকারিক দেয়াল প্রদর্শনী। এতে 'পিঠা উৎসব' বাংলা অক্ষর লেখা বাঁশের কুলা, বাংলা সাল লেখা ৪টি গোলাকার আঁকা প্লেট এবং ডানপাশে মাটির ছোট হাঁড়ি ও থালার আলংকারিক ঝালর ব্যবহার করা হয়েছে। উপকরণ হিসেবে বাঁশের কুলা, পেইন্ট করা মাটির প্লেট, মাটির হাঁড়ির মালা, কালো রঙ এবং সাদা ব্যাকড্রপ কাপড় ব্যবহৃত হয়েছে।","beige, black, red, white"
image_055,painted_wall,1,"Stylized folk music artwork panel. Components used include dynamic red figures playing traditional musical instruments such as a flute, dhol drums, tabla set, and string instrument against a bright blue grid tile pattern and gold backdrop. Materials used consist of acrylic/gouache paint on canvas/board panel with bold black outline ink work.","ঐতিহ্যবাহী বাদ্যযন্ত্র বাজানো লোকসংগীতশিল্পীদের স্টাইলাইজড পেইন্টিং চিত্রকর্ম। এতে সোনালী ও নীল থিমভিত্তিক ব্যাকগ্রাউন্ডে বাঁশি, ঢোলক, তবলা ও বেহালা/সেতার বাজানো লাল রঙের মানবমূর্তির চিত্র ফুটে উঠেছে। উপকরণ হিসেবে ক্যানভাস/বোর্ড প্যানেল, এক্রিলিক রঙ এবং কালো আউটলাইন ইনক ব্যবহৃত হয়েছে।","yellow, blue, red, green"
image_056,backdrop_board,1,"Colorful festive party backdrop wall decoration. Components used include a dense top row of circular paper fan rosettes in bright rainbow colors (pink, green, yellow, blue, red), vertical cascading crepe paper streamers hanging beneath, and a central white string garland decorated with pom-poms. Materials used comprise crepe paper streamers, craft paper rosettes, pom-poms, string, and wall adhesive.","উৎসবমুখর পরিবেশের জন্য তৈরি বর্ণিল পার্টি ব্যাকড্রপ দেয়াল সজ্জা। এতে ওপরের অংশে সারিবদ্ধভাবে সাজানো নানা রঙের গোলাকার কাগজের ফুল (রোসেট), নিচে ঝুলন্ত রঙিন ক্রাফট পেপার স্ট্রিমার (পরদা) এবং মাঝখানে পমপম যুক্ত সুতার মালা ব্যবহার করা হয়েছে। উপকরণ হিসেবে রঙিন ক্রাফট পেপার, রোসেট, পমপম এবং সুতা ব্যবহৃত হয়েছে।","pink, yellow, green, blue, orange"
image_057,backdrop_board,1,"Vibrant photo backdrop curtain with paper fan flower rosettes. Components used include a wide curtain of closely spaced vertical crepe paper streamers in rainbow colors, topped with a dense arrangement of colorful accordion-folded paper rosettes featuring sparkly gold center circles. Materials used consist of multi-colored crepe paper, cardstock rosettes, glitter paper circles, and mounting tape on a white wall.","রঙিন পেপার স্ট্রিমার ও ফুল দিয়ে তৈরি আকর্ষণীয় ফটো ব্যাকড্রপ দেয়াল সজ্জা। এতে দেয়ালে লম্বালম্বিভাবে ঝোলানো রেইনবো শেডের পেপার রিবন/স্ট্রিমার এবং ওপরে সোনালী কেন্দ্রযুক্ত বিভিন্ন আকারের থ্রিডি কাগজের পাখা-ফুল ব্যবহার করা হয়েছে। উপকরণ হিসেবে রেইনবো ক্রাফট পেপার, পাখা ফুল, গ্লিটার পেপার এবং আঠা ব্যবহৃত হয়েছে।","orange, yellow, green, blue, pink"
image_058,painted_wall,1,"Traditional Bengali folk art wall decor collage. Components used include multiple handcrafted paper owl masks (Lokkhi Pecha) in varying designs and colors, a tribal mask, a tiger face cutout, paper pinwheels (chorkhi), colorful stylized fish cutouts, and painted paper dhol drums. Materials used comprise colored cardstock, acrylic paint, pinwheel paper craft, and patterned wallpaper background.","ঐতিহ্যবাহী বিভিন্ন লোকশিল্প ক্রাফটের সংমিশ্রণে তৈরি দেয়াল কোলাজ সজ্জা। এতে বিভিন্ন রঙের থ্রিডি পেঁচা মাস্ক, একটি আদিবাসী মাস্ক, বাঘের মুখের কাটআউট, কাগজের রঙিন চরকি (পেনহুইল), রঙিন মাছের কাটআউট এবং ছোট ঢোলের চিত্র ব্যবহার করা হয়েছে। উপকরণ হিসেবে কার্ডস্টক পেপার, এক্রিলিক রঙ এবং প্যাটার্নযুক্ত ব্যাকড্রপ ব্যবহৃত হয়েছে।","yellow, purple, orange, green, red"
image_059,painted_wall,1,"Festive Pohela Boishakh (Bengali New Year) craft poster artwork. Components used include Bengali calligraphy reading 'শুভ পহেলা বৈশাখ' and 'এসো হে বৈশাখ', an owl cutout (Lokkhi Pecha), drawings of rural thatched huts with a swan, an alpana-decorated earthen pot (kalash), a container of traditional sweets (rosogolla), and mini hand-folded paper fan props (pankha). Materials used comprise drawing paper, watercolor/markers, paper fan cutouts, and hand-lettered banners.","'শুভ পহেলা বৈশাখ' উদযাপনের হস্তশিল্প পোস্টার ও আর্ট সজ্জা। এতে 'শুভ পহেলা বৈশাখ' ও 'এসো হে বৈশাখ' বাংলা ক্যালিগ্রাফি, আলপনা আঁকা পেঁচা, গ্রামের কুঁড়েঘর ও রাজহাঁস, মঙ্গল ঘট (কলশ), মিষ্টির পাত্র এবং ছোট হাতপাখার ক্রাফট প্রপস ব্যবহার করা হয়েছে। উপকরণ হিসেবে আর্ট পেপার, জলরঙ/মার্কার, কাগজের তৈরি হাতপাখা এবং ড্রয়িং শিট ব্যবহৃত হয়েছে।","white, yellow, red, blue, green"
image_060,bulletin_board,1,"Parent-Teacher Meeting (PTM) welcome standee setup for session. Components used include a large circular black chalkboard standee framed with hand-drawn black-and-white paper cutouts of leaves and floral wreaths, white banner typography reading 'Welcome', a pink box badge reading 'to PTM', yellow-and-orange pencil cutouts, and 'Session 2026-27' text. Materials used consist of painted board, cardstock cutouts, wooden easel stand, and potted indoor plants in the background.","'PTM Session 2026-27' এর জন্য তৈরি একটি বৃত্তাকার ওয়েলকাম স্ট্যান্ডি সজ্জা। এতে কালো বৃত্তাকার বোর্ডের চারপাশে হাতে আঁকা সাদা-কালো পাতার মালা ও ফুলের কাটআউট, 'Welcome' লেখা সাদা ব্যানার, 'to PTM' লেখা গোলাপি বক্স এবং দুটি পেন্সিলের কাটআউট রয়েছে। উপকরণ হিসেবে পেইন্ট করা বোর্ড, কার্ডস্টক পেপার, কাঠের স্ট্যান্ড এবং টবে রাখা পাতাবাহার গাছ ব্যবহার করা হয়েছে।","black, white, yellow, pink"
image_061,painted_wall,1,"'Photo booth backdrop setup for First Report Card Day'. Components used include a large archway made of multi-colored paper fan rosettes in rainbow shades, cascading crepe paper streamers along the sides, a black fabric backdrop, and two hanging circular blue hoops containing white Turkish typography 'İLK' and 'KARNEM' decorated with colorful paper dot garlands. Materials used consist of paper fan rosettes, crepe paper ribbons, fabric backdrop, paper hoops, and wall mounting fixtures.","প্রথম রিপোর্ট কার্ড বিতরণ উপলক্ষে তৈরি ব্যাকড্রপ সজ্জা। এতে ওপরের অংশে নানা রঙের কাগজের পাখা-ফুল (রোসেট) দিয়ে তৈরি একটি বিশাল তোরণ, দুই পাশে ঝুলন্ত রঙিন ক্রাফট পেপার স্ট্রিমার, কালো কাপড়ের ব্যাকড্রপ এবং মাঝখানে রঙিন বৃত্তাকার ডট ও 'İLK KARNEM' লেখা ঝুলন্ত রিং ব্যবহার করা হয়েছে। উপকরণ হিসেবে রঙিন পেপার রোসেট, ক্রাফট পেপার রিবন, সুতা এবং কাপড়ের পরদা ব্যবহৃত হয়েছে।","pink, yellow, green, blue, black"
image_062,painted_wall,1,"Traditional Bengali New Year (Pohela Boishakh) trifold display board. Components used include a black trifold cardboard backdrop bordered with red hand-painted folk border patterns, woven jute mats carrying yellow calligraphy banners reading 'শুভ নববর্ষ', paper craft cutouts of a folk owl, a traditional painted horse, an elephant, a fish, and a decorated hand fan. Materials used consist of cardboard trifold board, woven jute mats, colored cardstock, and acrylic paint.","পহেলা বৈশাখ উপলক্ষে তৈরি একটি ট্রাইফোল্ড ডিসপ্লে বোর্ড সজ্জা। এতে লাল রঙের আলপনা সীমান্তযুক্ত কালো বোর্ডের ওপর 'শুভ নববর্ষ' লেখা পাট ও কাগজের ব্যানার, লোকশিল্পের পেঁচা, ঐতিহ্যবাহী রঙিন ঘোড়া, হাতি, মাছ এবং হাতপাখার কাটআউট ব্যবহার করা হয়েছে। উপকরণ হিসেবে ট্রাইফোল্ড কার্ডবোর্ড, পাটের চটাই, কার্ডস্টক পেপার এবং এক্রিলিক রঙ ব্যবহৃত হয়েছে।","black, red, yellow, green, brown"
image_063,painted_wall,1,"Wall magazine display titled 'Prabhat Pheri' celebrating International Mother Language Day. Components used include a pink backdrop board with green borders, large bold black Bengali typography reading 'প্রভাতফেরি', student handwritten essays and poems, colorful drawings of the Shaheed Minar monument and Language Movement martyrs, and decorative clusters of 3D layered paper flowers in blue, orange, and yellow. Materials used comprise pink display paper, art paper cutouts, markers, colored pencils, and paper craft flowers.","আন্তর্জাতিক মাতৃভাষা দিবস উপলক্ষে প্রকাশিত 'প্রভাতফেরি' দেয়াল পত্রিকা সজ্জা। এতে সবুজ বর্ডারযুক্ত গোলাপি ব্যাকড্রপ বোর্ডের ওপর বড় কালো অক্ষরের ক্যালিগ্রাফি 'প্রভাতফেরি', শিক্ষার্থীদের স্বহস্তে লেখা প্রবন্ধ ও কবিতা, শহীদ মিনার ও ভাষা শহীদের চিত্রকর্ম এবং নীল, কমলা ও হলুদ রঙের থ্রিডি পেপার ফুল ব্যবহার করা হয়েছে। উপকরণ হিসেবে আর্ট পেপার, মার্কার, রঙিন পেন্সিল এবং কাগজের ফুল ব্যবহৃত হয়েছে।","pink, green, black, blue, orange"
image_064,painted_wall,1,"Educational wall magazine display honoring 'Amar Ekushey February' (International Mother Language Day). Components used include a large black poster board bordered entirely with individual white Bengali alphabet letter cutouts, red-and-white layered title calligraphy reading 'অমর একুশে ফেব্রুয়ারি', handwritten historical essays mounted on yellow and green framed panels, drawings of the Shaheed Minar, and illustrations of language movement rallies. Materials used consist of black poster board, cardstock alphabet cutouts, colored art paper, and markers.","'অমর একুশে ফেব্রুয়ারি' স্মরণে তৈরি দেয়াল পত্রিকা সজ্জা। এতে চারপাশে বাংলা বর্ণমালার অক্ষরের বর্ডার সংবলিত একটি বড় কালো বোর্ডের ওপর লাল-সাদা ক্যালিগ্রাফি 'অমর একুশে ফেব্রুয়ারি', হলুদ ও সবুজ বর্ডারে হাতে লেখা ঐতিহাসিক প্রবন্ধ, শহীদ মিনারের ছবি এবং মিছিলের চিত্রকর্ম ব্যবহার করা হয়েছে। উপকরণ হিসেবে কালো আর্ট বোর্ড, কার্ডস্টক পেপার, রঙিন কাগজ এবং মার্কার কলম ব্যবহৃত হয়েছে।","black, white, red, yellow, green"
image_065,painted_wall,1,"3D artistic wall display titled 'Praner Bhasha Bangla Bhasha' celebrating the Bengali Language Movement. Components used include a top white title banner with red calligraphy, a 3D paper sculpture of a woman in a white saree with a red border on the right, a pile of 3D Bengali alphabet letter cutouts spilling across the center, hand-painted terracotta plates carrying written poems on the left, and historical photographs and paper leaf accents. Materials used consist of paper mache/foam sculpture, wooden board, painted terracotta plates, cardstock letters, and paper leaves.","ভাষা শহীদদের স্মরণে তৈরি 'প্রাণের ভাষা বাংলা ভাষা' ৩ডি শিল্পকর্ম ও দেয়াল সজ্জা। এতে ওপরের ব্যানারে লাল বাংলা ক্যালিগ্রাফি, ডানপাশে লাল-সাদা শাড়ি পরা নারীর ৩ডি পেপার ভাস্কর্য, মাঝখানে ছড়ানো থ্রিডি বাংলা বর্ণমালার কাটআউট, বামপাশে লাল-হলুদ মাটির সরায় হাতে লেখা কবিতা এবং শহীদ মিনারের ছবি ব্যবহার করা হয়েছে। উপকরণ হিসেবে পেপার ম্যাশ/ফোম স্কাল্পচার, কাঠের বোর্ড, মাটির সরা এবং কার্ডস্টক পেপার ব্যবহৃত হয়েছে।","red, white, black, yellow, green"
image_066,painted_wall,1,"Rabindra Jayanti wall display board showcasing the life and work of Rabindranath Tagore. Components used include a red background panel bordered with gold lace, top orange pot-shaped cutouts spelling 'রবীন্দ্রজয়ন্তী' in blue letters, historic black-and-white photographs of Tagore with personalities like Gandhi and Einstein, miniature book craft replicas of Gitanjali, handwritten poem transcripts, and a large paper mosaic portrait of Tagore crafted from green paper tiles. Materials used comprise red craft paper, printed historic photos, paper tiles, miniature book props, and gold lace border.","রবীন্দ্রনাথ ঠাকুরের জন্মজয়ন্তী (রবীন্দ্রজয়ন্তী) উপলক্ষে তৈরি প্রদর্শনী বোর্ড সজ্জা। এতে সোনালী জরি বর্ডারযুক্ত লাল বোর্ডের ওপর থালা আকৃতির কাটআউটে 'রবীন্দ্রজয়ন্তী' ক্যালিগ্রাফি, মহাত্মা গান্ধী ও আলবার্ট আইনস্টাইনের সাথে ঠাকুরের ঐতিহাসিক ছবি, 'গীতাঞ্জলি' বইয়ের মিনি ক্রাফট, কবিতার অনুলিপি এবং সবুজ পেপার মোজাইক দিয়ে তৈরি রবীন্দ্রনাথের একটি বড় পোট্রেট চিত্র ব্যবহার করা হয়েছে। উপকরণ হিসেবে লাল আর্ট পেপার, ঐতিহাসিক ছবি, পেপার টাইলস এবং সোনালী জরি ব্যবহৃত হয়েছে।","red, orange, green, blue, gold"
image_067.jpg,painted_wall,1,"An indoor display board decorated for Earth Day featuring a ""HAPPY EARTH DAY"" banner at the top, a central illustration of a girl hugging the globe, green leaf cutouts, colorful paper butterflies, and paper flowers along a green paper border.","আর্থ ডে (পৃথিবী দিবস) উপলক্ষে সাজানো একটি অভ্যন্তরীণ ডিসপ্লে বোর্ড, যার শীর্ষে ""HAPPY EARTH DAY"" ব্যানার, মাঝখানে পৃথিবীকে জড়িয়ে ধরা একটি মেয়ের চিত্র এবং চারপাশে বর্ণিল কাগজের প্রজাপতি, সবুজ পাতা ও ফুল রয়েছে।","blue, green, pink, yellow"
image_068,painted_wall,1,"A display board setup for a 10th Foundation Day celebration featuring bold red and yellow typography, a center cutout of an institutional building, and handmade paper sunflower and daisy decorations.","দশম প্রতিষ্ঠাবার্ষিকী উপলক্ষে তৈরি একটি ডিসপ্লে বোর্ড সজ্জা। এতে লাল ও হলুদ রঙের স্পষ্ট টাইপোগ্রাফি, প্রাতিষ্ঠানিক ভবনের কাটআউট এবং হাতে তৈরি কাগজের সূর্যমুখী ও ডেইজি ফুলের অলংকরণ রয়েছে।","grey, red, yellow, white"
image_069,painted_wall,1,"A creative Bengali language display board set against a night sky background, featuring Bengali consonants inside white flower cutouts attached to jute rope branches, pink tulip cutouts, and a paper flower basket.","রাতের আকাশের ব্যাকগ্রাউন্ডে তৈরি একটি সৃজনশীল বাংলা ভাষাভিত্তিক ডিসপ্লে বোর্ড সজ্জা। এতে পাটের দড়ির তৈরি ডালপালায় সাদা ফুলের কাটআউটের ভেতর বাংলা ব্যঞ্জনবর্ণ, গোলাপি টিউলিপ এবং কাগজের ফুলের ঝুড়ি রয়েছে।","blue, white, pink, yellow"
image_070,painted_wall,1,"A cinema-themed photo booth frame for a Freshers event, decorated with clapperboard cutouts, movie reels, film strips, star cutouts, popcorn boxes, and colorful balloons.","নবীনবরণ অনুষ্ঠানের জন্য তৈরি সিনেমা-থিমযুক্ত ফটোবুথ ফ্রেম। এতে ক্ল্যাপবোর্ড কাটআউট, মুভি রিল, ফিল্ম স্ট্রিপ, তারা, পপকর্ন বক্স এবং রঙিন বেলুন ব্যবহার করা হয়েছে।","black, yellow, pink, blue, white"
image_071,painted_wall,1,"A farewell bulletin board with a blue background and white scalloped border, displaying the text 'We're GOING to Miss YOU' alongside a large 3D paper flower bouquet tied with a red ribbon.","'We're GOING to Miss YOU' বার্তা সংবলিত বিদায় সংবর্ধনার বুলেটিন বোর্ড সজ্জা। এতে নীল ব্যাকগ্রাউন্ড, সাদা স্ক্যালপড বর্ডার এবং লাল ফিতায় বাঁধা একটি বড় থ্রিডি কাগজের তোড়া ব্যবহার করা হয়েছে।","blue, white, red, yellow, pink"
image_072,wooden_wall,0,"An outdoor decorative photo booth backdrop built on a metal grid frame, adorned with yellow and light blue accordion paper fans, hanging colorful picture frames, a dreamcatcher, and yellow fabric drapes.","ধাতব গ্রিড ফ্রেমের ওপর নির্মিত একটি বহিরাঙ্গন আলংকারিক ফটোবুথ ব্যাকড্রপ। এতে হলুদ ও হালকা নীল কাগজের পাখা, ঝোলানো রঙিন ছবির ফ্রেম, ড্রীমক্যাচার এবং হলুদ কাপড়ের ড্র্যাপারি ব্যবহার করা হয়েছে।","teal, yellow, light blue, green"
image_073,painted_wall,1,"An indoor festive wall decoration featuring a black fabric backdrop decorated with colorful handmade dreamcatchers, fabric fans, diamond-shaped tassel hanging ornaments, and fairy lights.","কালো কাপড়ের ব্যাকড্রপে সাজানো একটি ঘরোয়া উৎসবের দেয়াল সজ্জা। এতে রঙিন হাতে তৈরি ড্রীমক্যাচার, কাপড়ের পাখা, ট্যাসেলযুক্ত ডায়মন্ড আকৃতির ঝুলন্ত অলংকার এবং ফেয়ারি লাইট ব্যবহার করা হয়েছে।","black, red, yellow, pink, blue"
image_074,backdrop_board,1,"An elegant photo backdrop setup featuring draped white fabric curtains topped with an arch of accordion paper fan rosettes in black, metallic gold, and patterned gold designs.","সাদা কাপড়ের পর্দা এবং ওপরের তোরণে সাজানো কালো, সোনালী ও নকশাদার কাগজের পাখার রোসেট দিয়ে তৈরি একটি মার্জিত ফটো ব্যাকড্রপ সজ্জা।","white, black, gold"
image_075,painted_wall,1,"A sports-themed department bulletin board with a black background, featuring the banner 'GLIMPSES OF OUR DEPARTMENT' surrounded by paper cutouts of various sports equipment, torches, and award medals.","'GLIMPSES OF OUR DEPARTMENT' লেখা ক্রীড়া-বিষয়ক বিভাগীয় বুলেটিন বোর্ড সজ্জা। এতে কালো ব্যাকগ্রাউন্ডের চারপাশে বিভিন্ন খেলাধুলার সরঞ্জাম, মশাল ও পদকের কাগজের কাটআউট ব্যবহার করা হয়েছে।","black, orange, white, red, yellow"
image_076,wooden_wall,1,"A traditional ethnic backdrop featuring woven bamboo winnowing baskets mounted on a bamboo wall, decorated with dense red flower clusters, green artificial foliage, and straw rope garlands.","বাঁশের দেওয়ালে সাঁটানো ঐতিহ্যবাহী কুলার ব্যাকড্রপ সজ্জা। এতে ঘন লাল ফুল, কৃত্রিম সবুজ লতাপাতা এবং খড়ের দড়ির মালা ব্যবহার করা হয়েছে।","brown, red, green, beige"
image_077,painted_wall,1,"A vibrant ethnic wall display filled with hand-painted terracotta clay plates featuring intricate mandala artwork, geometric patterns, and embedded mirror accents.","সূক্ষ্ম মান্ডালা চিত্রকর্ম, জ্যামিতিক নকশা এবং ছোট আয়নার কাজ সংবলিত হাতে আঁকা বিভিন্ন আকারের মাটির সরা/থালা দিয়ে সাজানো একটি দেওয়াল সজ্জা।","blue, yellow, red, orange, green"
image_078,painted_wall,1,"A red and green Sports Day bulletin board featuring . A large yellow winner trophy in the center, and cutouts of children playing various sports alongside sports gear.", একটি লাল ও সবুজ স্পোর্টস ডে বুলেটিন বোর্ড সজ্জা। এতে মাঝখানে একটি বড় সোনালী/হলুদ বিজয়ী ট্রফি এবং চারপাশে খেলাধুলা রত শিশুদের ও ক্রীড়া সরঞ্জামের কাটআউট রয়েছে।,"red, green, yellow, white"
image_079,wooden_wall,0,"An outdoor floral decorative display made of large colorful plastic or paper plates arranged like giant flowers on a metal grid frame, adorned with hanging ribbon streamers on a grassy lawn.",খোলা মাঠে মেটাল গ্রিড ফ্রেমের ওপর রঙিন থালা/প্লেট দিয়ে তৈরি বিশাল ফুলের আকৃতির বহিরাঙ্গন ডেকোরেশন। এতে নিচে ঝুলন্ত রঙিন ফিতা বা রিবন ঝুলিয়ে সৌন্দর্যবর্ধন করা হয়েছে।,"pink, yellow, blue, green, orange"
image_080,painted_wall,1,"A Bangladesh Victory Day ('Mahan Bijoy Dibosh') bulletin board display featuring a paper tree branch with 'মহান বিজয় দিবস' typography, national flag, map of Bangladesh, Bangabandhu portrait, National Martyrs' Memorial, and paper flowers.","'মহান বিজয় দিবস' উপলক্ষে তৈরি একটি ডিসপ্লে বোর্ড সজ্জা। এতে গাছের ডালের নকশায় বাংলা অক্ষর, বাংলাদেশের জাতীয় পতাকা, মানচিত্র, বঙ্গবন্ধুর প্রতিকৃতি, জাতীয় স্মৃতিসৌধের ছবি এবং রঙিন কাগজের ফুল ব্যবহার করা হয়েছে।","green, red, brown, white"
image_081,painted_wall,1,A large photo booth frame decorated with giant bright yellow sunflowers with glitter centers on top and large pink flowers with green paper leaves on the sides.,বিশাল আকৃতির উজ্জ্বল হলুদ সূর্যমুখী ফুল এবং গোলাপি ফুল ও সবুজ পাতার আলংকরণ দিয়ে সাজানো একটি ফটোবুথ ফ্রেম সজ্জা।,"yellow, pink, green, black"
image_082,bulletin_board,1,"A Sports Day display board set against a dark blue background with colorful pennant bunting flags, featuring the title 'SPORTS DAY', an Olympic torch flame cutout, stars, medals, and various sports balls.","গাঢ় নীল ব্যাকগ্রাউন্ডে রঙিন পতাকা ঝুলিয়ে তৈরি 'SPORTS DAY' বুলেটিন বোর্ড সজ্জা। এতে অলিম্পিক মশাল, ট্রফি/মেডেল, তারা এবং বিভিন্ন ধরনের বলের কাটআউট ব্যবহার করা হয়েছে।","blue, yellow, red, orange, white"
image_083,bulletin_board,0,"A National Sports Day display board on a black backdrop, featuring colorful silhouettes of athletes playing cricket, football, hockey, and tennis alongside sports equipment cutouts.","কালো ব্যাকগ্রাউন্ডে  এর জাতীয় ক্রীড়া দিবস উপলক্ষে তৈরি ডিসপ্লে বোর্ড। এতে ক্রিকেট, ফুটবল, হকি ও টেনিস খেলোয়াড়দের রঙিন সিলুয়েট এবং খেলাধুলার সরঞ্জামের কাটআউট ব্যবহার করা হয়েছে।","black, yellow, pink, green, orange, white"
image_084,brick_wall,1,"A tech-sports hybrid exhibition display board for a 'CRICKET CHAMPIONSHIP' mounted on a red brick wall, featuring player silhouettes, cricket terminology combined with computer science terms like SYNTAX, ASSEMBLER, and PERCEPTRON.","লাল ইটের দেওয়ালে সাঁটানো 'CRICKET CHAMPIONSHIP' থিমযুক্ত প্রযুক্তি ও ক্রীড়াভিত্তিক প্রদর্শনী বোর্ড। এতে ক্রিকেটারদের সিলুয়েট, ক্রিকেট পরিভাষার পাশাপাশি সিনট্যাক্স, অ্যাসেম্বলারের মতো কম্পিউটার সায়েন্সের টেক্সট ব্লক ব্যবহার করা হয়েছে।","red, blue, yellow, white, black"
image_085,brick_wall,1,"A soccer tournament exhibition display board on an exposed brick wall, featuring a 'SOCCER CHAMPIONS' title, a gold soccer ball, a player taking a penalty kick silhouette, goal post net, and computer science terminology cards.","লাল ইটের দেওয়ালে সাঁটানো 'SOCCER CHAMPIONS' থিমযুক্ত প্রদর্শনী বোর্ড সজ্জা। এতে সোনালী ফুটবল, পেনাল্টি শট নেওয়া খেলোয়াড়ের সিলুয়েট, গোলপোস্টের জাল এবং কম্পিউটার বিজ্ঞানের টেক্সট কার্ড ব্যবহার করা হয়েছে।","red, green, yellow, white, black"
image_086,brick_wall,1,"A colorful sports-themed wall display titled mounted on a red brick wall, featuring paint splash cutouts, cricket match terms like 4 RUNS, 6 RUNS, CLEAN BOWLED, OUT, and HOWZZAT!.","লাল ইটের দেওয়ালে সাঁটানো বর্ণিল দেয়াল সজ্জা। এতে রঙের ছিটানো (স্প্ল্যাশ) কাটআউট এবং ফোর রানস, সিক্স রানস, ক্লিন বোল্ড, আউট ইত্যাদির মতো ক্রিকেটের নানা ডায়ালগ বাবুল ও চিহ্ন ব্যবহার করা হয়েছে","red, blue, yellow, orange, white"
image_087,backdrop_board,1,"A vibrant photo booth backdrop setup decorated with multi-colored circular accordion paper fan rosettes forming an arch, hanging ribbon streamers, and marigold flower garlands on the side.",বিভিন্ন রঙের গোলাকার কাগজের পাখার রোসেট দিয়ে তোরণ বানিয়ে তৈরি উৎসবমুখর ফটোবুথ ব্যাকড্রপ। এতে রঙিন ফিতার লতি এবং দুই পাশে গাঁদা ফুলের মালা ঝুলিয়ে অলংকরণ করা হয়েছে।,"orange, yellow, pink, purple, teal"
image_088,backdrop_board,1,A colorful photo booth backdrop setup featuring a white sheer curtain frame decorated with large handcrafted paper flowers in vibrant colors and a draped Mexican serape blanket on the side.,একটি বর্ণিল ফটোবুথ ব্যাকড্রপ সজ্জা। এতে পাতলা সাদা পর্দার উপর বিশাল আকৃতির নানা রঙের কাগজের ফুল এবং একপাশে ঝুলানো রঙিন মেক্সিকান ফ্যাব্রিক/সেরাপ পর্দা দিয়ে সাজানো হয়েছে।,"yellow, blue, purple, orange, pink, red, white"
image_089,painted_wall,1,"A Sports Day decorative board set against a maroon backdrop, featuring a large gold trophy cutout labeled 'WINNER' surrounded by various sports gear like a soccer ball, bowling pins, football, tennis ball, and pastel balloons.","মেরুন ব্যাকগ্রাউন্ডে তৈরি একটি স্পোর্টস ডে ডিসপ্লে বোর্ড। এতে 'WINNER' লেখা সোনালী ট্রফি, ফুটবল, বোলিং পিন, টেনিস বল ইত্যাদির কাটআউট এবং চারপাশে হালকা রঙের বেলুন দিয়ে সাজানো হয়েছে।","maroon, yellow, white, black, pink, orange"
image_090,painted_wall,1,"A Sports Day wall display featuring glittery 3D typography spelling 'SPORT Day', accompanied by cutouts of athletes, an Olympic torch flame, tennis rackets, bowling pin, and colorful hanging ribbons.","'SPORT Day' থিমযুক্ত একটি বর্ণিল দেয়াল সজ্জা। এতে গ্লিটারযুক্ত কাটআউট অক্ষর, অ্যাথলেটদের সিলুয়েট, অলিম্পিক মশাল, টেনিস র‍্যাকেট ও বলের অলংকরণ ব্যবহার করা হয়েছে।","yellow, purple, blue, red, green, orange"
image_091,painted_wall,1,"An art and craft themed bulletin board featuring a multi-color paint dripping border along the top, paint splash cutouts labeled 'DESIGN', 'CREATE', and 'INSPIRE', along with paintbrushes, pencils, glue, and a paint bucket.","আর্ট ও ক্রাফট থিমের একটি বুলেটিন বোর্ড। এতে শীর্ষে রঙিন ড্রিপিং বর্ডার এবং বোর্ডের চারপাশে 'DESIGN', 'CREATE', 'INSPIRE' লেখা পেইন্ট স্প্ল্যাশ, তুলি, পেন্সিল ও গ্লু দিয়ে সাজানো হয়েছে।","black, pink, blue, yellow, red, green, orange"
image_092,painted_wall,1,"A Mother's Day display poster designed in traditional Jamini Roy folk art style depicting a mother and child, featuring 'HAPPY MOTHER'S DAY' title and a quote at the bottom.",জামিনী রায়ের লোকশিল্প শৈলীতে মা ও সন্তানের চিত্র আঁকা 'HAPPY MOTHER'S DAY' প্রদর্শনী পোস্টার। এতে মায়ের প্রতি ভালোবাসা ব্যক্ত করে নিচে একটি সুন্দর উদ্ধৃতি রয়েছে।,"yellow, brown, red, black, orange"
image_093,painted_wall,1,"A Mother's Day bulletin board with a black background bordered by red and white paper hearts, featuring white silhouettes of a mother and child, yellow paper sunflowers at the top corner, and 'HAPPY Mother's DAY' text.",কালো ব্যাকগ্রাউন্ডে লাল ও সাদা কাগজের হার্ট বর্ডার দিয়ে তৈরি 'HAPPY Mother's DAY' বুলেটিন বোর্ড সজ্জা। এতে মা ও শিশুর সাদা সিলুয়েট কাটআউট এবং হলুদ সূর্যমুখী ফুল দিয়ে অলংকরণ করা হয়েছে।,"black, red, white, yellow, blue"
image_094,painted_wall,1,"A vibrant Mother's Day green bulletin board display featuring bunting flags spelling 'HAPPY MOTHER'S DAY', paper sunflowers, origami hearts, and paper cutouts of mothers embracing their children.","সবুজ ব্যাকগ্রাউন্ডের ওপর 'HAPPY MOTHER'S DAY' ঝালর পতাকা এবং রঙিন কাগজের সূর্যমুখী ফুল, অরিগামি হার্ট ও মা-শিশুর স্নেহময় চিত্র সম্বলিত ডিসপ্লে বোর্ড সজ্জা।","green, pink, yellow, red, blue, purple"
image_095,painted_wall,1,A chalkboard wall art for Mother's Day featuring hand-drawn calligraphy reading 'Happy Mother's Day' above a colorful illustration of a vibrant flower garden painted with chalks.,ব্ল্যাকবোর্ড ওয়ালে চকে আঁকা 'Happy Mother's Day' হ্যান্ড ক্যালিগ্রাফি এবং নিচে বিভিন্ন রঙের চক দিয়ে চমৎকারভাবে আঁকা ফুলবাগানের অলংকরণ।,"black, white, gold, pink, purple, green, yellow, orange"
image_096,painted_wall,1,"A Parents' Day stage backdrop titled 'HAPPY PARENTS' DAY', featuring family silhouette cutouts, framed message boards on both sides, colorful paper flower borders on the top and bottom, and small heart accents.","'HAPPY PARENTS' DAY' থিমযুক্ত ব্যাকড্রপ সজ্জা। কালো পর্দার ওপর পরিবার/বাবা-মা ও সন্তানদের সিলুয়েট, দুপাশে ফ্রেমযুক্ত বার্তার বোর্ড এবং উপরে ও নিচে রঙিন কাগজের ফুলের বর্ডার দিয়ে সাজানো।","black, yellow, pink, purple, green, red, white"
image_097,brick_wall,1,"A Mother's Day bulletin board set around a red brick pillar, featuring giant paper cutouts of hands holding white daisy flowers, and a yellow banner reading 'MOMS are like buttons... THEY HOLD EVERYTHING together!'.",লাল ইটের পিলারের দুই পাশে নির্মিত মা দিবসের বুলেটিন বোর্ড সজ্জা। এতে সাদা ডেইজি ফুল ধরে থাকা কাগজের বড় হাতের কাটআউট এবং মাঝখানে 'MOMS are like buttons... THEY HOLD EVERYTHING together!' লেখা হলুদ ব্যানার রয়েছে।,"yellow, white, green, pink, blue, brown"
image_098,painted_wall,1,"A Mother's Day display board with a dark blue background framed in wood, featuring white cutouts of a mother and child, a red tissue-paper heart with 'Happy Mother's Day' text, floating hearts, and green grass cutouts.","গাঢ় নীল ব্যাকগ্রাউন্ডের একটি মা দিবসের বুলেটিন বোর্ড সজ্জা। এতে মা ও শিশুর সাদা কাটআউট, 'Happy Mother's Day' লেখা লাল টিস্যু পেপারের তৈরি বড় হার্ট, অনেকগুলো ছোট হার্ট এবং নিচে সবুজ ঘাসের কাটআউট ব্যবহার করা হয়েছে।","blue, white, red, pink, green, brown"
image_099,painted_wall,1,"A Father's Day bulletin board display on a white background with a blue border, featuring hanging colorful patterned ties, a '#1 DAD' rosette, 'HAPPY Father's DAY' lettering, and cartoon cutouts of dads with kids.","নীল বর্ডার ও সাদা ব্যাকগ্রাউন্ডে তৈরি বাবা দিবসের বুলেটিন বোর্ড সজ্জা। এতে রঙিন নকশাদার নেকটাইয়ের মালা, '#1 DAD' রিবন, 'HAPPY Father's DAY' লেখা এবং বাবা ও সন্তানদের কার্টুন কাটআউট রয়েছে।","white, blue, yellow, green, red, purple"
image_100,painted_wall,1,"A Father's Day poster display on yellow poster paper featuring 'HAPPY FATHER'S DAY' written in bold blue text, topped with colorful bunting flags, red paper hearts, and a father silhouette motif with hat, glasses, mustache, and tie.","হলুদ পোস্টার পেপারে গাঢ় নীল কালিতে 'HAPPY FATHER'S DAY' লেখা বাবা দিবসের পোস্টার সজ্জা। এতে রঙিন পতাকা, লাল হার্ট এবং টুপি, চশমা, গোঁফ ও টাই পরিহিত বাবার মুখের আইকনিক কাটআউট ব্যবহার করা হয়েছে।","yellow, blue, brown, red, green, teal"
image_101,painted_wall,1,"Indoor wall decorated for Father's Day featuring a green crepe paper streamer backdrop, a ""HAPPY FATHER'S DAY"" center sign, and soccer-themed paper fan rosettes in black, white, and green.","বাবা দিবস (ফাদার্স ডে) উপলক্ষে সাজানো একটি অভ্যন্তরীণ দেয়াল, যেখানে সবুজ ক্রেপ পেপারের ঝুলন্ত স্ট্রিমার, ""HAPPY FATHER'S DAY"" ব্যানার এবং ফুটবল-থিমযুক্ত কালো, সাদা ও সবুজ কাগজের ফ্যান রয়েছে।","green, white, black"
image_102,backdrop_board,0,"Festive decorative backdrop consisting of black panels framed in bright pink, adorned with hanging strands of colorful paper cones in yellow, green, and pink, with decorated traditional clay pots placed in front.","Festive decorative backdrop consisting of black panels framed in bright pink, adorned with hanging strands of colorful paper cones in yellow, green, and pink, with decorated traditional clay pots placed in front.","pink, yellow, green, black, gold"
image_103,painted_wall,1,"A peacock-themed indoor photo frame backdrop decorated with colorful paper peacock feathers, bright 3D paper flowers, leafy tree branches, and a square cutout opening in the center for taking photos.","ময়ূর-থিমভিত্তিক একটি ইনডোর ফটো ফ্রেম ব্যাকড্রপ, যা রঙিন কাগজের ময়ূরের পেখম, উজ্জ্বল থ্রিডি ফুল, গাছের ডালপালা এবং ছবি তোলার জন্য মাঝখানে একটি বর্গাকার ফ্রেমে সাজানো।","yellow, pink, blue, orange, green"
image_104,painted_wall,1,"Indoor display board decorated for Teacher's Day featuring a ""HAPPY TEACHER'S DAY"" banner, an inspirational message, an illustration of a teacher watering sunflowers with children's faces, and a bright red and yellow border.","শিক্ষক দিবস উপলক্ষে সাজানো একটি ইনডোর ডিসপ্লে বোর্ড, যেখানে ""HAPPY TEACHER'S DAY"" ব্যানার, একটি অনুপ্রেরণামূলক উক্তি, শিশুদের মুখবিশিষ্ট সূর্যমুখী গাছে শিক্ষকের পানি দেওয়ার চিত্র এবং লাল ও হলুদ রঙের বর্ডার রয়েছে।","blue, yellow, green, red, pink"
image_105,painted_wall,1,"Indoor display board decorated for Teacher's Day featuring a dark backdrop with happy children cutouts holding up individual letter signs spelling ""TEACHERS"", surrounded by colorful paper stars, flowers, and butterflies.","শিক্ষক দিবস উপলক্ষে সাজানো একটি ইনডোর ডিসপ্লে বোর্ড, যেখানে কালো ব্যাকড্রপে ""TEACHERS"" অক্ষরের প্লেকার্ড হাতে শিশুদের সুন্দর চিত্র এবং চারপাশে রঙিন তারা, ফুল ও প্রজাপতির সাজ রয়েছে।","black, yellow, pink, blue, orange"
image_106,painted_wall,1,"Indoor display board decorated for Teacher's Day featuring colorful textured letters spelling ""HAPPY TEACHERS DAY"" on a black background, adorned with school-themed cutouts such as apples, rulers, crayons, A+ badges, and paint palettes, surrounded by a book-patterned border.","শিক্ষক দিবস উপলক্ষে সাজানো একটি ইনডোর ডিসপ্লে বোর্ড, যেখানে কালো ব্যাকড্রপে রঙিন হরফে ""HAPPY TEACHERS DAY"" লেখা এবং চারপাশে আপেল, স্কেল, ক্রেন, এ প্লাস ব্যাজ ও কালার প্যালেটের মতো বিভিন্ন স্কুল-থিমযুক্ত কাটআউট এবং বইয়ের প্রিন্টযুক্ত বর্ডার রয়েছে।","black, yellow, pink, red, blue"
image_107,bulletin_board,1,"Indoor burlap display board for Teacher's Day featuring bold text ""HAPPY TEACHERS DAY STAFF SHOUT OUTS"", decorated with large colorful paper butterflies and sticky notes containing handwritten messages of appreciation.","শিক্ষক দিবস উপলক্ষে সাজানো একটি ইনডোর জুট বা পাটের ডিসপ্লে বোর্ড, যেখানে ""HAPPY TEACHERS DAY STAFF SHOUT OUTS"" বার্তা, বড় বর্ণিল কাগজের প্রজাপতি এবং হাতে লেখা শুভেচ্ছা বার্তাসংবলিত চিরকুট পোস্ট করা রয়েছে।","brown, yellow, pink, orange, black"
image_108,painted_wall,1,"Indoor display board decorated for Teacher's Day featuring ""HAPPY TEACHER'S DAY"" text on a black backdrop, oversized paper cutouts of a pencil and ruler, inspirational words on bright cards, and a scalloped orange paper border.","শিক্ষক দিবস উপলক্ষে সাজানো একটি ইনডোর ডিসপ্লে বোর্ড, যেখানে কালো ব্যাকড্রপে ""HAPPY TEACHER'S DAY"" লেখা, একটি পেনসিল ও স্কেলের বড় কাগজের কাটআউট, অনুপ্রেরণামূলক বার্তা এবং একটি কমলা রঙের তরঙ্গায়িত বর্ডার রয়েছে।","orange, yellow, pink, black, blue"
image_109,painted_wall,1,"Indoor display board decorated for Teacher's Day featuring an orange background framed by purple and yellow paper curtain drapes, ""HAPPY TEACHERS DAY"" lettering, and an array of handmade greeting cards.","শিক্ষক দিবস উপলক্ষে সাজানো একটি ইনডোর ডিসপ্লে বোর্ড, যেখানে কমলা ব্যাকগ্রাউন্ডের দুপাশে বেগুনি ও হলুদ কাগজের পর্দার সাজ, ""HAPPY TEACHERS DAY"" লেখা এবং শিক্ষার্থীদের তৈরি নানা ধরনের গ্রিটিং কার্ড প্রদর্শন করা হয়েছে।","orange, purple, yellow, black"
image_110,painted_wall,1,"Indoor white painted wall decorated for Teacher's Day featuring bold red cut-out letters spelling ""HAPPY TEACHER'S DAY"", decorated with vibrant 3D paper flowers, leaves, and small paper butterflies.","শিক্ষক দিবস উপলক্ষে সাজানো একটি ইনডোর সাদা দেয়াল, যেখানে লাল রঙের কাটআউট হরফে ""HAPPY TEACHER'S DAY"" লেখা এবং চারপাশে বর্ণিল থ্রিডি কাগজের ফুল, পাতা ও ছোট প্রজাপতির সাজ রয়েছে।","white, red, green, yellow, pink, blue"
image_111,painted_wall,1,"Indoor display board decorated for Teacher's Day featuring colorful cut-out text spelling ""HAPPY Teacher's Day"" on a black backdrop, decorated with paper pencil cutouts and small 3D paper flowers in pink and blue.","শিক্ষক দিবস উপলক্ষে সাজানো একটি ইনডোর ডিসপ্লে বোর্ড, যেখানে কালো ব্যাকড্রপে রঙিন কাটআউট অক্ষরে ""HAPPY Teacher's Day"" লেখা এবং চারপাশে কাগজের পেনসিল কাটআউট ও গোলাপি এবং নীল রঙের ছোট থ্রিডি কাগজের ফুল রয়েছে।","black, pink, green, orange, blue"
image_112,painted_wall,1,"Indoor display board decorated for Teacher's Day featuring ""HAPPY TEACHER'S DAY"" in colorful letters on a maroon backdrop, framed by a border of colorful paper pencil cutouts and decorated with glittery paper butterflies.","শিক্ষক দিবস উপলক্ষে সাজানো একটি ইনডোর ডিসপ্লে বোর্ড, যেখানে মেরুন ব্যাকড্রপে রঙিন হরফে ""HAPPY TEACHER'S DAY"" লেখা, চারপাশে রঙিন কাগজের পেনসিল কাটআউটের বর্ডার এবং চমকপ্রদ কাগজের প্রজাপতি দিয়ে সাজানো রয়েছে।","maroon, yellow, pink, blue, green, purple"
image_113,bulletin_board,0,"Outdoor display backdrop board decorated for Teacher's Day featuring a central green circle with cursive text reading ""Happy Teachers' Day"", surrounded by a paper flower wreath, giant paper pencil cutouts, and open book cutouts.","শিক্ষক দিবস উপলক্ষে সাজানো একটি আউটডোর ব্যাকড্রপ বোর্ড, যেখানে মাঝখানে সবুজ বৃত্তের ওপর ক্যালিগ্রাফিতে ""Happy Teachers' Day"" লেখা, চারপাশে কাগজের ফুলের রিং, বিশালাকার কাগজের পেনসিল কাটআউট এবং খোলা বইয়ের নকশা রয়েছে।","blue, green, yellow, pink, orange, red"
image_114,painted_wall,1,"Indoor display board decorated for Teacher's Day featuring bold purple text ""HAPPY TEACHERS DAY"" on a black backdrop, an illustration of a student giving flowers to her teacher, surrounded by bright paper flowers and leaves.","শিক্ষক দিবস উপলক্ষে সাজানো একটি ইনডোর ডিসপ্লে বোর্ড, যেখানে কালো ব্যাকড্রপে বেগুনি হরফে ""HAPPY TEACHERS DAY"" লেখা, শিক্ষককে একজন ছাত্রীর ফুল দেওয়ার চিত্র এবং চারপাশে উজ্জ্বল কাগজের ফুল ও পাতার সাজ রয়েছে।","purple, pink,yellow, red, green, black"
image_115,painted_wall,1,"Indoor display board decorated for National Sports Day featuring polka-dot patterned text ""SPORTS DAY"", a giant gold trophy cutout, a cheering child illustration, various sports balls, and paper flowers framed with a bright pink border.","জাতীয় ক্রীড়া দিবস উদযাপন উপলক্ষে সাজানো একটি ইনডোর ডিসপ্লে বোর্ড, যেখানে অলঙ্কৃত হরফে ""SPORTS DAY"" লেখা, একটি বিশালাকার সোনালী ট্রফি, উল্লাসিত শিশুর চিত্র, নানা ধরনের খেলার বল এবং ফুলের সাজসহ গোলাপী বর্ডার রয়েছে।","pink, brown, yellow, orange, blue, white"
image_116,painted_wall,1,"Indoor display board decorated for an Annual Sports Meet featuring a black backdrop with colorful bunting flags reading ""ANNUAL SPORTS MEET"", a large glittery gold trophy, Olympic rings, house team banners, various sports equipment cutouts, and child illustrations.","বার্ষিক ক্রীড়া প্রতিযোগিতা উপলক্ষে সাজানো একটি ইনডোর ডিসপ্লে বোর্ড, যেখানে কালো ব্যাকড্রপে রঙিন পতাকায় ""ANNUAL SPORTS MEET"" লেখা, একটি বড় চমকপ্রদ সোনালী ট্রফি, অলিম্পিক রিং, হাউসের ব্যানার, নানা ধরনের খেলার সরঞ্জামের কাটআউট এবং শিশুদের চিত্র রয়েছে।","black, yellow, red, blue, green, gold"
image_117,bulletin_board,0,"Outdoor display backdrop board decorated for an Annual Sports Day featuring white text ""ANNUAL SPORTS DAY 2025"" on a bright green backdrop, decorated with colorful bunting flags, Olympic rings, a large gold trophy cutout, and various sports equipment cutouts.","বার্ষিক ক্রীড়া দিবস উপলক্ষে সাজানো একটি আউটডোর ব্যাকড্রপ বোর্ড, যেখানে উজ্জ্বল সবুজ ব্যাকগ্রাউন্ডে সাদা অক্ষরে ""ANNUAL SPORTS DAY 2025"" লেখা, চারপাশে রঙিন পতাকাসারি, অলিম্পিক রিং, একটি বড় সোনালী ট্রফি এবং নানা ধরনের খেলার সরঞ্জামের কাটআউট রয়েছে।","green, white, yellow, red, blue"
image_118,backdrop_board,0,"Outdoor display backdrop board decorated for an Annual Result Day featuring bold white text ""ANNUAL RESULT DAY SESSION 2024"" and school details on a black backdrop, adorned with vibrant paper rosette fans along the top and colorful side streamer drapes.","বার্ষিক ফলাফল প্রকাশ দিবস উপলক্ষে সাজানো একটি আউটডোর ব্যাকড্রপ বোর্ড, যেখানে কালো ব্যাকড্রপে স্পষ্ট সাদা অক্ষরে ""ANNUAL RESULT DAY SESSION 2024"" এবং স্কুলের নাম লেখা, উপরে রঙিন কাগজের তৈরি পাখা বা রোসেট এবং দুপাশে পর্দার মতো ঝুলন্ত কাগজের স্ট্রিমার দিয়ে সাজানো রয়েছে।","black, white, yellow, pink, red, green, orange"
image_119,painted_wall,1,Indoor display board decorated for a Farewell event featuring a maroon backdrop framed with plaid pattern paper and a heart-shaped photo collage of students.,"বিদায় সংবর্ধনা উপলক্ষে সাজানো একটি ইনডোর ডিসপ্লে বোর্ড, যেখানে চেককাটা কাগজের বর্ডারের মাঝে মেরুন ব্যাকগ্রাউন্ডে ব্যানার এবং শিক্ষার্থীদের ছবি দিয়ে তৈরি একটি হৃদয় আকৃতির কোলাজ রয়েছে।","maroon, brown, yellow, red, white"
image_120,painted_wall,0,"Outdoor banner backdrop board decorated for ""Boishakhi Mela & Nagar Utshob 1432"" featuring a vibrant cityscape with modern colorful buildings, traditional Bengali fair elements such as a wooden ferris wheel (nagordola), pinwheel, kite, motifs of an elephant and horse, and Bengali central typography.","বৈশাখী মেলা ও নগর উৎসব ১৪৩২ উপলক্ষে সাজানো একটি আউটডোর ব্যাকড্রপ বোর্ড, যেখানে শহরের রঙিন দালানকোঠা, ঐতিহ্যবাহী মেলা ও লোকশিল্পের নানা উপাদান যেমন নগরদোলা, চরকি, ঘুড়ি, হাতি ও ঘোড়ার মোটিফ এবং কেন্দ্রে বাংলায় উৎসবের নাম লেখা রয়েছে।","red, green, blue, yellow, orange, white, purple"
image_121,painted_wall,1,"Indoor display board decorated for Earth Day (22 April) featuring a cartoon globe held by hands on a black backdrop, framed by paper trees, flowers, a recycling bin, a water droplet, and environmental awareness messages.","বসুন্ধরা দিবস বা পৃথিবী দিবস (২২ এপ্রিল) উপলক্ষে সাজানো একটি ইনডোর ডিসপ্লে বোর্ড, যেখানে কালো ব্যাকড্রপে দুহাতে ধরা একটি পৃথিবীর চিত্র, দুপাশে সবুজ গাছ, ফুল, রিসাইকেল বিন, পানির ফোঁটা এবং পরিবেশ সচেতনতামূলক বার্তা প্রদর্শন করা হয়েছে।","green, blue, black, yellow, pink, brown"
image_122,bulletin_board,0,"Outdoor welcome standee featuring a circular board with gold cursive text ""Welcome"" on a black backdrop, framed by layered pink and magenta paper crepe petals, large 3D paper flowers in white and pink with gold centers, and decorative gold leaves.","অভ্যর্থনা জানানোর জন্য সাজানো একটি আউটডোর ডিসপ্লে স্ট্যান্ডি, যেখানে কালো ব্যাকড্রপে সোনালী হরফে ""Welcome"" লেখা, চারপাশে গোলাপি ও গাঢ় গোলাপি কাগজের পাপড়ির স্তর, সোনালী কেন্দ্রযুক্ত বড় সাদা ও গোলাপি থ্রিডি কাগজের ফুল এবং মনোহরী সোনালী পাতা দিয়ে সাজানো একটি বৃত্তাকার বোর্ড রয়েছে।","pink, magenta, white, black, gold"
image_123,painted_wall,1,"Indoor white painted wall decorated for a Birthday celebration featuring a black and gold ""HAPPY BIRTHDAY"" banner, an arrangement of blue and yellow paper rosette fans, matching triangle bunting garlands, and scattered star cutouts.","জন্মদিন উপলক্ষে সাজানো একটি ইনডোর সাদা দেয়াল, যেখানে কালো ও সোনালী রঙের ""HAPPY BIRTHDAY"" ব্যানার, নীল ও হলুদ কাগজের তৈরি পাখা বা রোসেট, ত্রিভুজাকার পতাকাসারি এবং ছড়িয়ে থাকা ছোট তারার সাজ রয়েছে।","yellow, blue, dark blue, black, gold, white"
image_124,painted_wall,1,"Indoor sports-themed selfie photo frame board decorated with a bright blue background, featuring a bold ""GAME ON!"" title, a large gold trophy cutout, a flaming soccer ball, basketballs, footballs, and green paper star cutouts.","খেলাধুলার থিমে সাজানো একটি ইনডোর সেলফি ফটো ফ্রেম বোর্ড, যেখানে উজ্জ্বল নীল ব্যাকগ্রাউন্ডের ওপর ""GAME ON!"" শিরোনাম, একটি বড় সোনালী ট্রফির কাটআউট, আগুন শেখার মতো ফুটবল, বাস্কেটবল, ফুটবল/রাগবি বল এবং সবুজ কাগজের তারার সাজ রয়েছে।","blue, yellow, green, orange, pink, black"
image_125,backdrop_board,1,Indoor colorful event backdrop decorated with vertical multi-colored crepe paper streamers and topped with an arrangement of vibrant paper rosette fans with glittery centers.,"ইনডোর অনুষ্ঠানের জন্য সাজানো একটি ব্যাকড্রপ, যেখানে নানা রঙের ঝুলন্ত কাগজের স্ট্রিমার এবং উপরে ঝলমলে কেন্দ্রযুক্ত বর্ণিল কাগজের তৈরি পাখা বা রোসেটের সুন্দর সাজ রয়েছে।","green, orange, yellow, blue, pink, red"
image_126,painted_wall,0,"Outdoor wooden backdrop board decorated with vibrant 3D paper flowers, green paper leaves, and a colorful Mexican sarape blanket draped diagonally across dark wooden planks.","আউটডোরে স্থাপিত একটি কাঠের ব্যাকড্রপ বোর্ড, যেখানে গাঢ় কাঠের পটভূমিতে একপাশে বর্ণিল থ্রিডি কাগজের ফুল এবং ওপরের দিকে একটি মেক্সিকান রঙিন কাপড় দিয়ে নান্দনিকভাবে সাজানো রয়েছে।","brown, pink, red, yellow, green, orange, blue, purple"
image_127,backdrop_board,1,"Indoor event backdrop decorated with vertical colorful crepe paper streamers, topped and framed with vibrant paper rosette fans featuring glittery centers.","ইনডোর অনুষ্ঠানের জন্য সাজানো একটি ব্যাকড্রপ, যেখানে লম্বালম্বি ঝুলন্ত নানারঙের কাগজের স্ট্রিমার এবং ওপরে ও পাশে ঝলমলে কেন্দ্রযুক্ত বর্ণিল কাগজের তৈরি পাখা বা রোসেটের সুন্দর সাজ রয়েছে।","orange, yellow, purple, pink, green, silver"
image_128,painted_wall,1,"Indoor display board decorated for a Sports Fiesta featuring white text ""SPORTS FIESTA 2023-24"" on a green backdrop, Olympic rings, torches, a gold trophy cutout, athlete silhouettes, and various sports equipment cutouts.","স্পোর্টস ফিয়েস্টা (ক্রীড়া উৎসব) উপলক্ষে সাজানো একটি ইনডোর ডিসপ্লে বোর্ড, যেখানে সবুজ ব্যাকড্রপে সাদা অক্ষরে ""SPORTS FIESTA 2023-24"" লেখা, অলিম্পিক রিং, মশাল, একটি সোনালী ট্রফি, খেলোয়াড়দের সিলুয়েট এবং নানা ধরনের খেলার সরঞ্জামের কাটআউট রয়েছে।","green, blue, yellow, red, black, white, brown"
image_129,bulletin_board,1,"Indoor display board decorated for Mother's Day featuring a blue backdrop with an arched ""Happy Mother's Day"" text banner, an illustration cutout of a mother hugging her two children, surrounded by paper hearts, flowers, and leaves.","মা দিবস উপলক্ষে সাজানো একটি ইনডোর ডিসপ্লে বোর্ড, যেখানে নীল ব্যাকড্রপে ধনুকাকৃতির ""Happy Mother's Day"" লেখা ব্যানার, মা ও দুই সন্তানের ভালোবাসাময় চিত্র এবং চারপাশে কাগজের তৈরি হৃদয়, ফুল ও পাতার সাজ রয়েছে।","blue, pink, orange, green, yellow, white"
image_130,painted_wall,1,"Indoor display board decorated for Mother's Day featuring bold text ""Happy Mother's Day"" on a black backdrop framed with a yellow scalloped border, an illustration cutout of a mother embracing her two children, surrounded by paper hearts, vibrant flowers, and green leaves.","মা দিবস উপলক্ষে সাজানো একটি ইনডোর ডিসপ্লে বোর্ড, যেখানে হলুদ বর্ডারসহ কালো ব্যাকড্রপে ""Happy Mother's Day"" লেখা, দুই সন্তানকে জড়িয়ে ধরা মায়ের চিত্র এবং চারপাশে কাগজের তৈরি লাল হৃদয়, বিভিন্ন রঙের ফুল ও পাতার সাজ রয়েছে।","black, yellow, pink, blue, red, green"
image_131,backdrop_board,1,"Indoor display backdrop board decorated for Mother's Day featuring elegant white cursive text ""Happy Mother's Day"" on a black backdrop, decorated with pastel paper flowers and green paper leaf cutouts at the bottom.","মা দিবস উপলক্ষে সাজানো একটি ইনডোর ডিসপ্লে ব্যাকড্রপ বোর্ড, যেখানে কালো ব্যাকড্রপে পেঁচানো সুন্দর সাদা অক্ষরে ""Happy Mother's Day"" লেখা, তার চারপাশে প্যাস্টেল রঙের কাগজের ফুল এবং নিচে সবুজ কাগজের নানারকম পাতার বিন্যাস রয়েছে।","black, white, pink, yellow, blue, green"
image_132,backdrop_board,1,"Indoor display backdrop board decorated for Mother's Day featuring colorful text ""HAPPY MOTHERS' DAY"" on a black backdrop, topped with large 3D paper flowers in pink, purple, and coral with green leaves, and draped with sheer white tulle on the sides.","মা দিবস উপলক্ষে সাজানো একটি ইনডোর ডিসপ্লে ব্যাকড্রপ বোর্ড, যেখানে কালো ব্যাকড্রপের ওপর রঙিন অক্ষরে ""HAPPY MOTHERS' DAY"" লেখা, ওপরে গোলাপি, বেগুনি ও কোরাল রঙের বড় থ্রিডি কাগজের ফুল এবং দুপাশে সাদা পাতলা নেট কাপড়ের পর্দা রয়েছে।","black, pink, purple, coral, green, white"
image_133,painted_wall,1,"Indoor display backdrop board decorated for Mother's Day featuring a black background with vertical silver glitter stripes, a central white oval cutout with red glittery text ""Happy Mother's day"", and embellished with 3D paper flowers in red, yellow, pink, and white with green leaves.","মা দিবস উপলক্ষে সাজানো একটি ইনডোর ডিসপ্লে ব্যাকড্রপ বোর্ড, যেখানে কালো ব্যাকড্রপে রূপালী লম্বালম্বি গ্লিটার স্ট্রাইপ, কেন্দ্রস্থলে সাদা ডিম্বাকৃতি কাটআউটে লাল ঝলমলে হরফে ""Happy Mother's day"" লেখা এবং ওপরে ও কেন্দ্রের চারপাশে লাল, হলুদ, গোলাপি ও সাদা রঙের থ্রিডি কাগজের ফুল এবং সবুজ পাতা দিয়ে সাজানো রয়েছে।","black, silver, red, yellow, pink, white, green"
image_134,bulletin_board,1,"Indoor mobile display backdrop board decorated for Father's Day featuring colorful text ""HAPPY FATHER'S DAY"" on a black backdrop, topped with blue and white balloons, a paper tie garland bunting, a silver mustache cutout, and various paper cutouts.","বাবা দিবস (ফাদার্স ডে) উপলক্ষে সাজানো একটি ইনডোর সচল ব্যাকড্রপ বোর্ড, যেখানে কালো ব্যাকড্রপে রঙিন অক্ষরে ""HAPPY FATHER'S DAY"" লেখা, ওপরে নীল ও সাদা বেলুন, কাগজের তৈরি টাইয়ের মালা, রূপালী গোঁফের কাটআউট এবং নানারকম উপাদানের সাজ রয়েছে।","black, blue, white, yellow, pink, green, silver"
image_135,backdrop_board,0,"Outdoor green event backdrop board decorated with vibrant paper rosette fans framing the top and sides, and colorful diamond-shaped paper cutouts arranged in a geometric pattern at the upper portion.","যেকোনো অনুষ্ঠানের উপযোগী একটি আউটডোর সবুজ ব্যাকড্রপ বোর্ড, যার ওপর ও দুপাশের বর্ডার জুড়ে উজ্জ্বল নানা রঙের কাগজের তৈরি পাখা বা রোসেট এবং ওপরের অংশে হীরকাকৃতির রঙিন কাগজের সুন্দর বিন্যাস রয়েছে।","green, pink, orange, yellow, purple, teal"
image_136,painted_wall,1,"Indoor display board decorated for Teachers' Day featuring bold yellow text ""HAPPY TEACHERS DAY"" on a blue backdrop, a 3D tree crafted from twisted brown paper with orange and light green leaves, and green paper grass along the bottom.","শিক্ষক দিবস উপলক্ষে সাজানো একটি ইনডোর ডিসপ্লে বোর্ড, যেখানে নীল ব্যাকড্রপে স্পষ্ট হলুদ অক্ষরে ""HAPPY TEACHERS DAY"" লেখা, মোড়ানো বাদামী কাগজ দিয়ে তৈরি গাছের কান্ড ও ডালপালা, কমলা ও হালকা সবুজ পাতা এবং নিচে সবুজ কাগজের ঘাসের সাজ রয়েছে।","blue, yellow, brown, orange, green"
image_137,painted_wall,1,"Indoor display backdrop board decorated for Teachers' Day featuring horizontal black stripes on a white background, a central light pink oval with text ""HAPPY Teacher's Day"", framed by paper flowers, hanging paper leaf garlands at the top, and scattered circular paper cutouts.","শিক্ষক দিবস উপলক্ষে সাজানো একটি ইনডোর ডিসপ্লে ব্যাকড্রপ বোর্ড, যেখানে সাদা ব্যাকড্রপে কালো অনুভূমিক স্ট্রাইপ, কেন্দ্রস্থলে হালকা গোলাপি ডিম্বাকৃতি অংশে ""HAPPY Teacher's Day"" লেখা, চারপাশে কাগজের তৈরি ফুল, ওপরে ঝুলন্ত পাতার মালা এবং ছড়িয়ে থাকা বিভিন্ন আকারের বৃত্তাকার কাটআউটের সুন্দর সাজ রয়েছে।","white, black, pink, purple, magenta, green"
image_138,painted_wall,1,"Indoor display backdrop board decorated for Teachers' Day featuring yellow text ""HAPPY TEACHER'S DAY"" on a black backdrop, topped with colorful balloons, an illustration cutout of a young student handing a flower to her teacher, framed with bright yellow and pink paper flowers.","শিক্ষক দিবস উপলক্ষে সাজানো একটি ইনডোর ডিসপ্লে ব্যাকড্রপ বোর্ড, যেখানে কালো ব্যাকড্রপের ওপর হলুদ অক্ষরে ""HAPPY TEACHER'S DAY"" লেখা, ওপরে রঙিন বেলুন, শিক্ষককে ফুল উপহার দেওয়া এক ছাত্রীর সুন্দর চিত্র এবং চারপাশে উজ্জ্বল হলুদ ও গোলাপি কাগজের ফুলের নান্দনিক সাজ রয়েছে।","black, yellow, pink, red, blue, green, white"
image_139,painted_wall,1,"Indoor display board decorated for Teachers' Day featuring bold orange text ""HAPPY TEACHER'S DAY"" on a blue backdrop framed with bright pink, adorned with large 3D paper flowers in orange and yellow along with green paper monstera leaves at the bottom.","শিক্ষক দিবস উপলক্ষে সাজানো একটি ইনডোর ডিসপ্লে বোর্ড, যেখানে গোলাপি বর্ডারযুক্ত নীল ব্যাকড্রপের ওপর স্পষ্ট কমলা অক্ষরে ""HAPPY TEACHER'S DAY"" লেখা এবং নিচে কমলা ও হলুদ রঙের দুটি বড় থ্রিডি কাগজের ফুল এবং সবুজ পাতার সাজ রয়েছে।","blue, pink, orange, yellow, green"
image_140,painted_wall,1,"Indoor painted wall featuring a sports-themed mural illustration of stacked athletic equipment, including a soccer ball, basketball, baseball, football, baseball bat, glove, whistle, medal, stars, and a trophy.","ঘরোয়া পরিবেশের পেইন্ট করা দেয়াল, যেখানে খেলাধুলার থিমে একটি দেয়াল ম্যুরাল চিত্রিত রয়েছে; এতে ফুটবল, বাস্কেটবল, বেসবল, আমেরিকান ফুটবল, বেসবল ব্যাট, গ্লাভস, বাঁশি, পদক, তারা এবং একটি ট্রফি অন্তর্ভুক্ত রয়েছে।","green, yellow, orange, brown, white, black, red"
image_141,painted_wall,1,"Indoor soft board and wall display decorated for a sports event, featuring inspirational sports quotes, cheerleader silhouettes holding pom-poms, photo collages celebrating student and national athletes, a winner podium cutout with medals, Olympic rings, and cutouts of various sports equipment and athlete silhouettes.","ক্রীড়া অনুষ্ঠান উপলক্ষে সাজানো ইনডোর সফট বোর্ড ও দেওয়াল সাজসজ্জা, যেখানে খেলাধুলার অনুপ্রেরণামূলক বাণী, পম্পমসহ চিয়ারলিডারের সিলুয়েট, শিক্ষার্থী ও জাতীয় ক্রীড়াবিদদের ছবির কোলাজ, পদকসহ বিজয় মঞ্চের কাটআউট, অলিম্পিক রিং এবং বিভিন্ন খেলার সরঞ্জাম ও অ্যাথলেটদের সিলুয়েটের কাটআউট রয়েছে।","green, white, black, yellow, red, blue, orange"
image_142,painted_wall,1,"Indoor display board decorated for a sports event, featuring an inspirational motivational quote at the top, a trophy cutout, and various athletic equipment cutouts including a soccer ball, basketball, cricket bat, tennis racket, hockey stick, bowling ball, and football.","ক্রীড়া উৎসব উপলক্ষে সাজানো ইনডোর ডিসপ্লে বোর্ড, যেখানে ওপরের অংশে অনুপ্রেরণামূলক বাণী, একটি ট্রফির কাটআউট এবং ফুটবল, বাস্কেটবল, ক্রিকেট ব্যাট, টেনিস র‍্যাকেট, হকি স্টিক, বোলিং বল ও আমেরিকান ফুটবলসহ নানা ধরনের খেলার সরঞ্জামের কাটআউট রয়েছে।","white, black, yellow, brown, red, purple, green, blue, orange"
image_143,painted_wall,1,"Indoor display board decorated for a science theme, featuring the text ""SCIENCE"", astronaut cutouts, planets, stars, and educational icon cutouts including a microscope, flask, lightbulb, butterfly, and magnet.","বিজ্ঞান থিমে সাজানো ইনডোর ডিসপ্লে বোর্ড, যেখানে ""SCIENCE"" লেখা, নভোচারীর কাটআউট, গ্রহ, তারা এবং নিচের অংশে অণুবীক্ষণ যন্ত্র, ফ্লাস্ক, লাইটবাল্ব, প্রজাপতি ও চুম্বকের মতো নানা শিক্ষণীয় প্রতীকী কাটআউট রয়েছে।","blue, white, yellow, orange, red, green, brown, grey"
image_144,painted_wall,1,"ndoor display board decorated for Teachers' Day with a cinema theme, featuring a film reel cutout, a film strip banner with text ""HAPPY TEACHERS DAY"", and popcorn box accents.","শিক্ষক দিবস উপলক্ষে সিনেমা থিমে সাজানো ইনডোর ডিসপ্লে বোর্ড, যেখানে একটি ফিল্ম রিলের কাটআউট, ""HAPPY TEACHERS DAY"" লেখা ফিল্ম স্ট্রিপ ব্যানার এবং পপকর্ন বক্সের সুন্দর সাজসজ্জা রয়েছে।","red, black, white, silver, yellow"
image_145,painted_wall,1,"Indoor wall setup decorated for a child's 3rd birthday celebration, featuring a central ""HAPPY BIRTHDAY"" banner, patterned triangular bunting garland, a balloon garland cluster at the top accented with animal face cutouts, hanging smiley face and cloud cutouts, a large number 3 foil balloon, floor balloons, and a small decorative bench holding a birthday cake.","শিশুর ৩য় জন্মদিন উদযাপনের জন্য সাজানো ইনডোর দেয়াল, যেখানে কেন্দ্রস্থলে ""HAPPY BIRTHDAY"" ব্যানার, নকশাদার ত্রিভুজাকার পতাকাসারি, পশুপাখির মুখের কাটআউটসহ ওপরের অংশের বেলুনগুচ্ছ, ঝুলন্ত স্মাইলি ও মেঘের কাটআউট, একটি বড় ৩ সংখ্যার ফয়েল বেলুন, মেঝের বেলুন এবং জন্মদিনের কেকসহ একটি ছোট আলংকারিক বেঞ্চের সাজ রয়েছে।","white, pastel blue, pastel pink, pastel yellow, red, orange, green, purple"
image_146,painted_wall,1,"Indoor wall setup decorated for a child's birthday celebration, featuring an arch of balloons at the top, a central ""HAPPY BIRTHDAY"" banner, a rainbow cutout, hanging ribbon swirls with musical notes, smiley faces, stars, hearts, and a tabletop character board inscribed with ""LET'S CELEBRATE WITH A SMILE!"".","শিশুর জন্মদিন উদযাপনের জন্য সাজানো ইনডোর দেয়াল, যেখানে ওপরের অংশে বেলুনের তোরণ, কেন্দ্রস্থলে ""HAPPY BIRTHDAY"" ব্যানার, রামধনুর কাটআউট, ঝুলন্ত রিবন ও সুরের নোট (মিউজিক নোটস), স্মাইলি, তারা, হৃদয় এবং টেবিলের ওপর ""LET'S CELEBRATE WITH A SMILE!"" লেখা একটি কার্টুন চরিত্রের বোর্ডের সাজ রয়েছে।","red, yellow, green, blue, pink, orange, white"
image_147,painted_wall,1,"Indoor wall decoration designed for a birthday celebration, featuring a central ""HAPPY BIRTHDAY"" bunting garland, paper heart fan rosettes at the top, and multiple vertical strings of paper heart cutouts hanging below the banner.","জন্মদিন উদযাপনের জন্য সাজানো ইনডোর দেয়াল, যেখানে কেন্দ্রস্থলে ""HAPPY BIRTHDAY"" বান্টিং ব্যানার, ওপরের অংশে পেপার হার্ট ফ্যান রোসেট এবং ব্যানারের নিচে ঝুলন্ত কাগজের তৈরি হৃদয়ের লম্বা সারির সাজ রয়েছে।","purple, red, pink, blue, green, yellow, beige"
image_148,backdrop_board,1,"Indoor wall setup decorated for an 8th birthday celebration, featuring a metallic foil fringe curtain backdrop, a balloon arch on one side, a central ""HAPPY BIRTHDAY"" banner, star-shaped bunting garlands, a large number 8 foil balloon, star foil balloons, hanging ceiling spiral streamers, and a cake table covered with a polka dot tablecloth.","৮ম জন্মদিন উদযাপনের জন্য সাজানো ইনডোর দেওয়াল, যেখানে একটি মেটালিক ফয়েল ফ্রিঞ্জ কার্টেন ব্যাকড্রপ, একপাশে বেলুনের তোরণ, কেন্দ্রস্থলে ""HAPPY BIRTHDAY"" ব্যানার, তারা আকৃতির বান্টিং মালা, একটি বড় ৮ সংখ্যার ফয়েল বেলুন, স্টার ফয়েল বেলুন, ছাদ থেকে ঝুলন্ত স্পাইরাল স্ট্রিমার এবং পোলকা ডট টেবিলক্লথ ঢাকা কেকের টেবিল রয়েছে।","blue, black, silver, white, grey"
image_149,painted_wall,1,"Indoor photobooth frame board designed for a video production or movie-themed event, featuring text reading ""VIDEO PRODUCTION"" and ""LIGHTS CAMERA ACTION"", accented with cutouts of a DSLR camera, a vintage movie camera, a film reel, a clapperboard, and circular embellishments along the sides.","ভিডিও প্রোডাকশন বা সিনেমা থিমের যেকোনো অনুষ্ঠানের জন্য তৈরি ইনডোর ফটোবুথ ফ্রেম বোর্ড, যেখানে ""VIDEO PRODUCTION"" এবং ""LIGHTS CAMERA ACTION"" বার্তা, ডিএসএলআর ক্যামেরা, ভিন্টেজ মুভি ক্যামেরা, ফিল্ম রিল, ক্ল্যাপারবোর্ড এবং দুপাশে গোলাকার কাটআউটের নান্দনিক সাজ রয়েছে।","black, white, red, yellow, pink, purple, green, silver, grey"
image_150,painted_wall,1,"Indoor display backdrop board decorated for a movie-themed event, featuring a central ""MOVIE MANIA"" marquee sign cutout, pleated curtain drape accents, a film strip, countdown numbers 3-2-1, a popcorn tub cutout with 3D popcorn texture, a soda cup, a movie clapperboard, cinema tickets, and film reels.","সিনেমা থিমের যেকোনো আয়োজনের জন্য সাজানো ইনডোর ডিসপ্লে ব্যাকড্রপ বোর্ড, যেখানে কেন্দ্রস্থলে ""MOVIE MANIA"" মার্কি সাইন, দুপাশে পর্দার মতো সাজ, ফিল্ম স্ট্রিপ, ৩-২-১ কাউন্টডাউন সংখ্যা, পপকর্ন টাব, কোল্ড ড্রিংকস কাপ, ক্ল্যাপারবোর্ড, সিনেমা টিকিট এবং ফিল্ম রিলের চমৎকার সাজসজ্জা রয়েছে।","black, red, yellow, white, brown"
image_151,painted_wall,1,"Indoor display board decorated for a school movie day event, featuring marquee-style text reading ""WELCOME TO MOVIE DAY"", a movie clapperboard inscribed with ""WHERE EVERY STUDENT IS A STAR!"", theater curtain drapes, a carpet walkway with stanchions, a movie projector camera, a popcorn tub with scattered popcorn cutouts, and star accents.","স্কুলে মুভি ডে উদযাপনের জন্য সাজানো ইনডোর ডিসপ্লে বোর্ড, যেখানে ""WELCOME TO MOVIE DAY"" লেখা মার্কি সাইন, ""WHERE EVERY STUDENT IS A STAR!"" উক্তিযুক্ত ক্ল্যাপারবোর্ড, থিয়েটার পর্দা, স্তম্ভসহ কার্পেট পথ, সিনেমা প্রজেক্টর ক্যামেরা, পপকর্ন টাব এবং তারার নান্দনিক সাজ রয়েছে।","red, blue, dark blue, yellow, white, black, gold"
image_152,painted_wall,1,"Indoor wall setup decorated for a dinosaur-themed birthday celebration, featuring a balloon arch at the top accented with star foil balloons, a central ""HAPPY BIRTHDAY"" banner flanked by dinosaur cutouts, triangular bunting, a cake table decorated with tassel garland, dinosaur plush toys wearing party hats, a dinosaur foil balloon, wrapped gift boxes, and footprint cutouts on the floor.","ডাইনোসর থিমে জন্মদিন উদযাপনের জন্য সাজানো ইনডোর দেয়াল, যেখানে ওপরের অংশে স্টার ফয়েল বেলুনসহ বেলুনের তোরণ, কেন্দ্রস্থলে ডাইনোসরের কাটআউটসহ ""HAPPY BIRTHDAY"" ব্যানার, ত্রিভুজাকার পতাকাসারি, ট্যাসেল গারল্যান্ডে সজ্জিত কেকের টেবিল, ডাইনোসর ফয়েল বেলুন, জন্মদিনের টুপি পরা ডাইনোসর সফট টয়, মোড়ানো উপহারের বাক্স এবং মেঝের ওপর ডাইনোসরের পায়ের ছাপের কাটআউট রয়েছে।","pastel green, pastel blue, pastel yellow, orange, white, gold, cream"
image_153,backdrop_board,1,"Indoor wall setup decorated for a Care Bears rainbow-themed celebration, featuring a vertical crepe paper streamer backdrop, a balloon garland string across the top, a central framed themed poster board, and a dessert table decorated with a triangular bunting banner accented with character cutouts.","কেয়ার বেয়ার্স ও রামধনু থিমে উদযাপনের জন্য সাজানো ইনডোর দেয়াল, যেখানে লম্বালম্বি টানানো ক্র্যাপ পেপার স্ট্রিমার ব্যাকড্রপ, ওপরের অংশে বেলুনের সারি, মাঝখানে ফ্রেমে বাঁধানো থিম ভিত্তিক পোস্টার বোর্ড এবং নিচে ক্যারেক্টার কাটআউটযুক্ত ত্রিভুজাকার পতাকাসারিতে সজ্জিত টেবিলের সাজ রয়েছে।","red, orange, yellow, green, blue, purple, white"
image_154,painted_wall,1,"Indoor wall decoration designed for a graduation celebration, featuring a central movie clapperboard sign cutout reading ""The End Graduation Class of 2025"", framed with decorative paper fan rosettes.","গ্র্যাজুয়েশন দিবস উদযাপনের জন্য সাজানো ইনডোর দেয়াল, যেখানে কেন্দ্রস্থলে ""The End Graduation Class of 2025"" লেখা একটি মুভি ক্ল্যাপারবোর্ডের কাটআউট এবং চারপাশে আলংকারিক পেপার ফ্যান রোসেটের সাজ রয়েছে।","orange, purple, yellow, blue, black, white, brown, beige"
image_155,painted_wall,1,"ndoor backdrop setup decorated for a graduation celebration, featuring a person holding a movie clapperboard sign reading ""The End Graduation Class of 2024"", accented with a balloon garland cluster of black, white, gold, and clear confetti balloons.","গ্র্যাজুয়েশন দিবস উদযাপনের জন্য সাজানো ইনডোর ব্যাকড্রপ, যেখানে ""The End Graduation Class of 2024"" লেখা একটি মুভি ক্ল্যাপারবোর্ড সাইন এবং কালো, সাদা, সোনালী ও স্বচ্ছ কনফেটি বেলুনের সুন্দর তোরণের সাজ রয়েছে।","black, white, gold"
image_156,bulletin_board,1,"Indoor photobooth frame board decorated for a movie-themed farewell event, featuring text reading ""Farewell 2025"" and ""Season: 2"", a graduation cap cutout, a movie clapperboard reading ""THE END CLASS OF 2025"", popcorn tubs, a soda bottle cutout, 3D glasses, paper fan rosettes, and star cutouts.","সিনেমা থিমে বিদায় সংবর্ধনা অনুষ্ঠানের জন্য সাজানো ইনডোর ফটোবুথ ফ্রেম বোর্ড, যেখানে ওপরের অংশে ""Farewell 2025"" ও গ্র্যাজুয়েশন ক্যাপের কাটআউট, নিচের অংশে ""Season: 2"" বার্তা, ""THE END CLASS OF 2025"" লেখা মুভি ক্ল্যাপারবোর্ড, পপকর্ন টাব, সোডার বোতল, থ্রিডি চশমা, পেপার ফ্যান রোসেট এবং তারার চমৎকার সাজ রয়েছে।","black, red, yellow, pink, white, gold"
image_157,painted_wall,1,"Indoor display backdrop board decorated for a movie-themed farewell event, featuring text reading ""LIGHTS CAMERA FAREWELL!"", red theater curtain border accents, a movie clapperboard cutout inscribed with ""A SWEET Ending TO A NEW Beginning..."", a popcorn tub with an invitation badge reading ""you are INVITED"", cinema ticket stub accents, and glitter stars.","সিনেমা থিমে বিদায় সংবর্ধনা অনুষ্ঠানের জন্য সাজানো ইনডোর ডিসপ্লে ব্যাকড্রপ বোর্ড, যেখানে ওপরের অংশে ""LIGHTS CAMERA FAREWELL!"" বার্তা, থিয়েটার পর্দার মতো লাল বর্ডার, ""A SWEET Ending TO A NEW Beginning..."" লেখা মুভি ক্ল্যাপারবোর্ড, ""you are INVITED"" লেখা পপকর্ন টাব, সিনেমার টিকিটের কাটআউট এবং চমকপ্রদ তারার সুন্দর সাজ রয়েছে।","brown, red, yellow, white, black, gold"
image_158,painted_wall,1,"Indoor photobooth frame board decorated for a farewell event, featuring text reading ""FAREWELL"" at the top under a red-and-white striped canopy design, framed with student photo collages along the side borders, a vintage TV cutout, stacked books, a movie clapperboard, and a graduation cap cutout.","বিদায় সংবর্ধনা অনুষ্ঠানের জন্য সাজানো ইনডোর ফটোবুথ ফ্রেম বোর্ড, যেখানে ওপরের অংশে লাল-সাদা ডোরাকাটা নকশার নিচে ""FAREWELL"" বার্তা, দুপাশে শিক্ষার্থীদের ছবির কোলাজ, একটি ভিন্টেজ টিভি, বইয়ের স্তূপ, মুভি ক্ল্যাপারবোর্ড এবং গ্র্যাজুয়েশন ক্যাপের সুন্দর সাজ রয়েছে","black, yellow, red, white, green, grey, brown"
image_159,brick_wall,1,"An indoor wall display board mounted on a brick wall, designed for sports event branding and tournament title announcements. It features a high-contrast background with bold, textured cut-out lettering, making it ideal for sports competitions, memorial matches, or athletic meets.","একটি ইনডোর ওয়াল ব্যানার ডিসপ্লে বোর্ড যা ইটের দেওয়ালে সাঁটানো, যা মূলত যেকোনো খেলাধুলা সংক্রান্ত প্রতিযোগিতা, টুর্নামেন্ট, স্পোর্টস ডে বা স্মারক ম্যাচের (মেমোরিয়াল ম্যাচ) শিরোনাম প্রদর্শনের জন্য ডিজাইন করা হয়েছে। গাঢ় ব্যাকগ্রাউন্ডের ওপর বড় ও স্পষ্ট কাটআউট অক্ষরের মাধ্যমে অনুষ্ঠানের প্রধান নামটি ফুটিয়ে তোলার জন্য এই ডিজাইনটি উপযোগী।","black, green, red, brown"
image_160,brick_wall,1,"An indoor wall display board mounted on a brick wall, designed for group allocation and team identification. It features a group heading at the top with structured placement for participating team logos below, making it suitable for hackathons, sports tournaments, gaming competitions, or academic events.","একটি ইনডোর ওয়াল ডিসপ্লে বোর্ড যা ইটের দেওয়ালে সাঁটানো, যা মূলত কোনো প্রতিযোগিতা, হ্যাকাথন, স্পোর্টস টুর্নামেন্ট বা শিক্ষাবিষয়ক আয়োজনে দলগত বিভাজন (গ্রুপ অ্যালকেশন) ও টিমের পরিচয় প্রদর্শনের জন্য ডিজাইন করা হয়েছে। বোর্ডের ওপরের অংশে গ্রুপের নাম বা শিরোনাম এবং নিচে অংশগ্রহণকারী দলগুলোর লোগো সুবিন্যস্তভাবে তুলে ধরা হয়।","maroon, red, white, brown, blue, black"
image_161,brick_wall,1,"Campus wall decorated for a cricket tournament, featuring team group assignments, team logos, and illustrations of cricket players in action, created using printed graphics mounted on colored paper boards.","ক্রিকেট টুর্নামেন্টের জন্য রঙিন আর্ট পেপারের ওপর প্রিন্ট করা দলগুলোর নাম, লোগো এবং খেলোয়াড়দের ছবি দিয়ে সজ্জিত ক্যাম্পাসের দেয়াল।","maroon, black, white, blue"
image_162,brick_wall,1,"Campus wall decorated with a handmade cricket-themed poster on chart paper for a sports event, featuring custom hand drawings of a player, cricket wickets, ball, boundary markers, team signatures, and cut-out lettering.","ক্রিকেট টুর্নামেন্টের জন্য হাত দিয়ে আঁকা চিত্রকর্ম, স্ট্যাম্প, বাউন্ডারি সংখ্যা, দলের সদস্যদের স্বাক্ষর এবং রঙিন কাগজের অক্ষরে সাজানো চার্ট পেপারের পোস্টারে সজ্জিত ক্যাম্পাসের দেয়াল।","yellow, black, red, green, purple"
image_163,painted_wall,1,"Campus display board decorated with a growth mindset educational theme, featuring a central brain illustration split between fixed and growth mindsets, surrounded by motivational quote cut-outs, speech bubbles, and colorful 3D paper craft flowers on a white brick-patterned background board.","গ্রোথ মাইন্ডসেট শিক্ষামূলক থিমে সাজানো ডিসপ্লে বোর্ড, যেখানে ফিক্সড ও গ্রোথ মাইন্ডসেট নির্দেশক মস্তিষ্কের চিত্র, অনুপ্রেরণামূলক উক্তি, স্পিচ বাবল এবং সাদা ইটের ডিজাইনে রঙিন কাগজের ত্রিমাত্রিক ফুল দিয়ে ডেকোরেশন করা হয়েছে।","white, pink, orange, yellow, blue, purple"
image_164,bulletin_board,1,"Campus display board decorated for a sports day event, featuring Olympic rings, trophies, a victory podium, medals, athlete cut-outs, and various sports balls (football, basketball, tennis ball) made from colored paper cut-outs, glitter sheets, and fringed paper borders.","বার্ষিক ক্রীড়া প্রতিযোগিতার উদ্দেশ্যে রঙিন কাগজ, গ্লিটার শিট ও ঝালর ব্যবহার করে অলিম্পিক রিং, ট্রফি, বিজয়ী মঞ্চ, পদক, খেলোয়াড়ের ছবি এবং ফুটবল, বাস্কেটবল ও টেনিস বলের কাটআউট দিয়ে সজ্জিত ডিসপ্লে বোর্ড।","yellow, purple, blue, red, gold"
image_165,wooden_wall,1,"Campus bulletin board decorated as a farewell or graduation memory wall, featuring the quote ""We came as strangers, we leave as friends"", decorated with colorful painted handprints with names written beside them, numerous printed group photographs, and a large colorful decorative prop.","বিদায় বা সমাবর্তনের স্মৃতি হিসেবে সাজানো ক্যাম্পাসের নোটিশ বোর্ড, যেখানে ""We came as strangers, we leave as friends"" উক্তিটির চারপাশে রঙিন হাতের ছাপ, নামের স্বাক্ষর, বন্ধুদের সাথে তোলা অসংখ্য গ্রুপ ছবি এবং একটি বড় রঙিন ডেকোরেটিভ প্রপ ব্যবহার করা হয়েছে।","white, black, green, purple, yellow, pink"
image_166,bulletin_board,1,"Campus display board decorated for a sports event, featuring the text ""GAME ON!"" in bold red letters, surrounded by various paper cut-outs of sports equipment including a large basketball, footballs, a tennis racket, a shuttlecock, a bowling pin, and yellow stars on a black background.","ক্রীড়া প্রতিযোগিতার জন্য সাজানো কালো ব্যাকগ্রাউন্ডের ডিসপ্লে বোর্ড, যেখানে লাল রঙের বড় অক্ষরে ""GAME ON!"" লেখা এবং চারপাশে বাস্কেটবল, ফুটবল, টেনিস র‍্যাকেট, শাটলকক, বোলিং পিন ও হলুদ তারার কাগজের কাটআউট ব্যবহার করা হয়েছে।","black, red, orange, white, yellow, green"
image_167,painted_wall,1,"Campus whiteboard decorated for National Sports Day 2024, featuring a border of numerous paper footballs, glittery gold text, cheerleader cut-outs with paper rosettes, glittery gold trophies, and various paper sports equipment like a basketball hoop, tennis rackets, and a rugby ball.","জাতীয় ক্রীড়া দিবস ২০২৪ উপলক্ষে সাজানো হোয়াইটবোর্ড, যার চারপাশ অসংখ্য কাগজের ফুটবলে ঘেরা এবং গ্লিটার যুক্ত সোনালী লেখা, চিয়ারলিডার কাটআউট, সোনালী ট্রফি, বাস্কেটবল হুপ, টেনিস র‍্যাকেট ও রাগবি বলের কাগজের কাটআউটে সজ্জিত।","black, white, green, gold, blue, pink, orange"
image_168,bulletin_board,0,"Campus display board decorated for an annual sports fiesta, featuring a large flame torch motif, cut-outs of running athlete silhouettes, bold red event title text, and various sports balls lining the base against a black backdrop.","বার্ষিক ক্রীড়া উৎসবের জন্য সাজানো ডিসপ্লে বোর্ড, যেখানে বড় অগ্নিশিখার মশাল, অ্যাথলেটদের রঙিন সিলুয়েট, লাল অক্ষরের স্বাগত লেখা এবং নিচে বিভিন্ন খেলার বলের কাটআউট ব্যবহার করা হয়েছে।","black, red, orange, yellow, blue, green"
image_169,painted_wall,1,"Campus display board decorated for an annual result day event, featuring large yellow trophy cut-outs, cartoon character cut-outs, colorful paper bunting flags, square paper confetti, and pink title cut-out text, mounted on a vertically striped wall.","বার্ষিক ফলাফল প্রকাশ দিবস উপলক্ষে রঙিন ডেকোরেশন করা নোটিশ বোর্ড, যেখানে সোনালী ট্রফি, কার্টুন চরিত্র, রঙিন কাগজের পতাকা, টুকরো কাগজের কনফেটি এবং গোলাপি বর্ণের অক্ষরের কাটআউট দিয়ে সাজানো হয়েছে।","blue, yellow, pink, red, green, orange"
image_170,painted_wall,1,"Campus backdrop board decorated for a result day event, featuring yellow cut-out text reading ""Result Day 2022-23"" on a black background, framed with large handcrafted 3D white and yellow paper flowers along with green leaf cut-outs.","ফলাফল প্রকাশ দিবস উপলক্ষে সাজানো ব্যাকড্রপ বোর্ড, যেখানে কালো ব্যাকগ্রাউন্ডে হলুদ হরফে ""Result Day 2022-23"" লেখা এবং চারপাশে হাতে তৈরি বড় সাদা ও হলুদ কাগজের ফুল ও সবুজ পাতার অলংকরণ ব্যবহার করা হয়েছে।","black, yellow, white, green"
image_171,painted_wall,1,"Campus display board decorated for New Year celebrations, featuring calligraphic cut-out text reading ""Happy New Year 2022"", adorned with handcrafted 3D paper roses, flowers, and leaves arranged along the bottom and right side on a light blue background.","নতুন বছর উদযাপন উপলক্ষে সাজানো ক্যাম্পাসের নোটিশ বোর্ড, যেখানে হালকা নীল ব্যাকগ্রাউন্ডে ""Happy New Year 2022"" লেখা ক্যালিগ্রাফি কাটআউট এবং নিচে ও পাশে হাতে তৈরি ত্রিমাত্রিক কাগজের গোলাপ, ফুল ও পাতার অলংকরণ ব্যবহার করা হয়েছে।","light blue, pink, orange, dark red, green"
image_172,bulletin_board,0,"Campus display board decorated for a cultural and educational exhibition themed on national heritage and development, featuring a large green map cut-out of Bangladesh with division labels, historical portraits, infographics, written articles, thematic paper cut-outs (ships, balloons, growth charts), and artificial leaf garlands mounted on a display board.","জাতীয় ঐতিহ্য ও উন্নয়ন থিমে আয়োজিত সাংস্কৃতিক প্রদর্শনীর জন্য সাজানো ডিসপ্লে বোর্ড, যেখানে বাংলাদেশের একটি বড় সবুজ মানচিত্রের কাটআউট, বিভাগের নাম, ঐতিহাসিক ছবি, তথ্যচিত্র, হাতে লেখা নিবন্ধ, কাগজের বেলুন ও জাহাজের চিত্র এবং পাতার ঝালর ব্যবহার করা হয়েছে।","green, red, yellow, blue, orange"
image_173,painted_wall,1,"Campus display board decorated for Independence Day celebrations, featuring a large circular green craft board with Bengali cut-out text reading ""26th March"", a central national flag motif with a gold map of Bangladesh, historical tribute notes on blood-stained paper cut-outs, and colorful 3D paper craft flowers.","মহান স্বাধীনতা দিবস উদযাপন উপলক্ষে সাজানো বৃত্তাকার ডিসপ্লে বোর্ড, যেখানে ""২৬শে মার্চ"" লেখা বাংলা কাটআউট, বাংলাদেশের মানচিত্রসহ জাতীয় পতাকার থিম, ইতিহাসভিত্তিক বার্তা সম্বলিত রক্তভেজা কাগজের টুকরো এবং রঙিন ত্রিমাত্রিক কাগজের ফুল ও পাতার অলংকরণ ব্যবহার করা হয়েছে।","green, red, yellow, white, pink"
image_174,painted_wall,1,"Campus display board decorated for Earth Day, featuring yellow paper banners reading ""OUR LITTLE HANDS WILL SAVE THE EARTH"" and ""HAPPY EARTH DAY"", surrounded by illustrations of Earth mounted on green handprint paper cut-outs, paper bunting flags at the top, and a chain of paper figures with environmental awareness tags at the bottom.","বিশ্ব ধরিত্রী দিবস উপলক্ষে সাজানো নোটিশ বোর্ড, যেখানে ""OUR LITTLE HANDS WILL SAVE THE EARTH"" এবং ""HAPPY EARTH DAY"" লেখা হলুদ ব্যানারের চারপাশে হাতের ছাপের আকৃতির কাগজে আঁকা পৃথিবীর চিত্র, উপরে রঙিন পতাকার ঝালর এবং নিচে পরিবেশ সচেতনতামূলক বার্তাসহ মানব শৃঙ্খলের কাগজের কাটআউট ব্যবহার করা হয়েছে।","black, green, blue, yellow, pink"
image_175,painted_wall,1,"Campus backdrop panels decorated for a traditional cultural festival or musical event, featuring hand-painted artwork of a Veena instrument, a lion motif, mandala art, traditional decorative pots, and intricate white and green folk Alpana patterns on dark blue panels.","ঐতিহ্যবাহী সাংস্কৃতিক অনুষ্ঠান বা সংগীত উৎসব উপলক্ষে সাজানো ৩-অংশের ব্যাকড্রপ বোর্ড, যেখানে গাঢ় নীল পটভূমিতে হাতে আঁকা বীণা, সিংহের প্রতিচ্ছবি, মানডালা নকশা, অলংকৃত হাঁড়ি এবং পাশে লোকজ সাদা ও সবুজ আলপনার কারুকাজ ব্যবহার করা হয়েছে।","dark blue, white, green, yellow, brown"
image_176,painted_wall,1,"Campus display board decorated for a felicitation ceremony, featuring gold cut-out text reading ""CONGRATULATIONS SESSION 2025 - 26"" on a black background, adorned with gold and silver star cut-outs, trophy illustrations, and vibrant paper flowers along the bottom.","সংবর্ধনা অনুষ্ঠানের জন্য সাজানো ব্যাকড্রপ বোর্ড, যেখানে কালো ব্যাকগ্রাউন্ডে সোনালী হরফে ""CONGRATULATIONS SESSION 2025 - 26"" লেখা এবং চারপাশে সোনালী ও রুপালী তারা, ট্রফি এবং নিচে উজ্জ্বল রঙিন কাগজের ফুলের সাজসজ্জা ব্যবহার করা হয়েছে।","black, gold, silver, pink, orange"
image_177,bulletin_board,0,"Campus display standee board decorated for Bengali New Year celebrations, featuring traditional hand-painted floral motifs and folk artwork, tiger mask cut-outs at the top, and Bengali New Year greeting text with 3D cut-out lettering on a white background.","বাংলা নববর্ষ উদযাপন উপলক্ষে সাজানো ডিসপ্লে স্ট্যান্ডি বোর্ড, যেখানে উপরে দুটি বাঘের মুখোশের কাটআউট, হাতে আঁকা ঐতিহ্যবাহী আলপনা ও লোকজ নকশা এবং সাদা ব্যাকগ্রাউন্ডে ত্রিমাত্রিক অক্ষরে শুভ নববর্ষের শুভেচ্ছা বার্তা ব্যবহার করা হয়েছে।","white, red, yellow, blue, green"
image_178,bulletin_board,0,"Campus display board decorated for a Baishakhi festival, featuring Bengali cut-out text reading ""বৈশাখী হাট"", a colorful paper craft bird, and traditional Bengali folk motif art on a wood-textured orange backdrop placed outdoors.","পহেলা বৈশাখ উদযাপন উপলক্ষে খোলা মাঠে সাজানো প্রদর্শনী বোর্ড, যেখানে কাঠের ডিজাইনের কমলা ব্যাকগ্রাউন্ডে ""বৈশাখী হাট"" লেখা বাংলা কাটআউট, রঙিন কাগজের পাখি এবং ঐতিহ্যবাহী লোকজ চিত্রশিল্পের সুন্দর অলংকরণ ব্যবহার করা হয়েছে।","orange, yellow, blue, green, pink"
image_179,painted_wall,1,"Campus backdrop board decorated for a farewell party, featuring glittery gold cut-out text reading ""Farewell Party 2K25"" on a black backdrop, framed with large 3D paper roses and green leaves at the corners.","বিদায় অনুষ্ঠান ২০২৫ উপলক্ষে সাজানো ব্যাকড্রপ বোর্ড, যেখানে কালো পটভূমিতে গ্লিটারযুক্ত সোনালী হরফে ""Farewell Party 2K25"" লেখা এবং কোণে বড় রঙিন কাগজের গোলাপ ও সবুজ পাতার অলংকরণ ব্যবহার করা হয়েছে।","black, gold, red, yellow, blue, pink, green"
image_180,painted_wall,1,"Campus display board decorated for a farewell event, featuring colorful paper balloon cut-outs reading ""make your dreams come true"", ""FAREWELL"" written at the top right, star embellishments, and an inspirational farewell quote on a black background with a patterned border.","বিদায় সংবর্ধনা উপলক্ষে সাজানো নোটিশ বোর্ড, যেখানে কালো ব্যাকগ্রাউন্ডে ""make your dreams come true"" লেখা রঙিন কাগজের বেলুন কাটআউট, তারার সাজসজ্জা এবং নিচে আবেগঘন বিদায়ী উক্তি ব্যবহার করা হয়েছে।","black, yellow, pink, green, blue, orange"
image_181,painted_wall,1,"Photo backdrop setup for a graduation farewell event ('Farewell Class of 2022-2026'). Components used include a central arched white fabric backdrop banner with typography, an organic asymmetrical balloon arch garland with ribbon accents, artificial flower vase arrangements, floor pillar LED candles, a floor spotlight projector, and a decorative standing butterfly light prop. Materials used comprise fabric backdrop drapery, latex balloons (black, gold, white), artificial floral clusters, ribbon bows, LED candles, and metal frame props in an indoor venue.","একটি সমাবর্তন বিদায় সংবর্ধনা অনুষ্ঠানের ('Farewell Class of 2022-2026') জন্য তৈরি ফটোবুথ সজ্জা। এতে একটি তোরণ আকৃতির কাপড়ের ব্যাকড্রপ ব্যানার, ফিতা যুক্ত বেলুনের তোরণ, কৃত্রিম ফুলের সাজ, এলইডি মোমবাতি, ফ্লোর স্পটলাইট এবং একটি প্রজাপতির প্রপস ব্যবহার করা হয়েছে। উপকরণ হিসেবে কাপড়ের ব্যাকড্রপ, ল্যাটেক্স বেলুন (কালো, সোনালী, সাদা), কৃত্রিম ফুল, রিবন এবং মেটাল প্রপস ব্যবহার করা হয়েছে।","black, gold, white, green"
image_182,painted_wall,1,"Wall decoration for a retirement and farewell event ('Farewell We Will Miss You'). Components used include virtue descriptor banners ('SINCERE', 'CREATIVE', 'OPTIMIST', 'THOUGHTFUL'), bold typography cutouts ('WE WILL MISS YOU'), paper potted snake plant cutouts on wooden shelf graphics, a white picket fence paper border along the bottom, paper flowers, and paper bees. Materials used consist of colorful paper cutouts, printed cardstock strips, folded paper flowers, and adhesive mounted on a navy blue bulletin board.","একটি অবসর গ্রহণ ও বিদায় অনুষ্ঠানের ('Farewell We Will Miss You') জন্য তৈরি দেয়াল সজ্জা। এতে প্রশংসাসূচক শব্দের ব্যানার, অক্ষরের কাটআউট, টবসহ কাগজের গাছ, নিচের অংশে সাদা কাঠির বেড়ার কাটআউট, কাগজের ফুল এবং মৌমাছির চিত্র ব্যবহার করা হয়েছে। উপকরণ হিসেবে রঙিন কাগজের কাটআউট, কার্ডস্টক এবং আঠা দিয়ে নীল বুলেটিন বোর্ডে সাঁটানো হয়েছে।","black, yellow, pink, green"
image_183,painted_wall,1,"Board display for a Teachers' Day celebration ('HAPPY TEACHERS DAY'). Components used include sparkling glitter title lettering, blue classical dancer silhouette cutouts, a complete perimeter border of colorful paper flowers (sunflowers, daisies), layered 3D paper rosette flowers, and green tropical leaves. Materials used comprise glitter paper cutouts, colorful craft paper, foam sheets, and adhesive mounted on a framed backing board.","শিক্ষক দিবস উদযাপনের ('HAPPY TEACHERS DAY') জন্য তৈরি দেয়াল বা বোর্ড সজ্জা। এতে চমকপ্রদ গ্লিটার অক্ষর, নীল রঙের শাস্ত্রীয় নৃত্যশিল্পীর সিলুয়েট, চারপাশের রঙিন কাগজের ফুল (সূর্যমুখী ও ডেইজি), থ্রিডি রসেট ফুল এবং সবুজ ক্রান্তীয় পাতার কাটআউট ব্যবহার করা হয়েছে। উপকরণ হিসেবে গ্লিটার পেপার, রঙিন ক্রাফট পেপার এবং আঠা ব্যবহার করা হয়েছে।","yellow, red, green, blue"
image_184,painted_wall,0,"Fiesta-themed setup for a birthday party ('HAPPY BIRTHDAY'). Components used include an artificial grass backdrop wall panel, a colorful paper triangular bunting banner, a draped vibrant Mexican Serape blanket, a floral garland trim, and a dessert table styled with wooden crates, terracotta clay pots, cactus decor, and photo props. Materials used comprise artificial turf matting, paper bunting, woven Serape textiles, floral garlands, clay pottery, and wooden crates.","একটি মেক্সিকান ফিয়েস্টা থিমের জন্মদিনের পার্টি ('HAPPY BIRTHDAY') সজ্জা। এতে কৃত্রিম ঘাসের ব্যাকড্রপ, রঙিন কাগজের পতাকা ব্যানার, মেক্সিকান সেরাপ কাপড়, কৃত্রিম ফুলের মালা, কাঠের ক্রেট, মাটির পাত্র, ক্যাকটাস সজ্জা এবং ফটো প্রপসসহ একটি মিষ্টান্ন টেবিল ব্যবহার করা হয়েছে। উপকরণ হিসেবে আর্টিফিশিয়াল গ্রাস ম্যাট, পেপার ব্যানার, সুতি সেরাপ কাপড়, মাটির পাত্র এবং কাঠের বাক্স ব্যবহার করা হয়েছে।","red, green, yellow, black"
image_185,backdrop_board,1,"Stage photobooth setup for a farewell event ('Farewell 2024'). Components used include a pleated white fabric curtain backdrop, calligraphy title banner, emotional quote banner strip, colorful folded paper palm leaf fan clusters decorating the corners, and 3D purple floor cube blocks displaying the year '2024'. Materials used consist of white curtain drapery, folded craft paper leaf cutouts, printed cardstock, and painted cardboard boxes on a patterned carpeted floor.","একটি বিদায় সংবর্ধনা অনুষ্ঠানের ('Farewell 2024') জন্য তৈরি মঞ্চ ও ফটোবুথ সজ্জা। এতে ভাঁজ করা সাদা সুতি কাপড়ের ব্যাকড্রপ, ক্যালিগ্রাফি ব্যানার, অনুভূতির বাণী, কোণায় সাজানো রঙিন কাগজের পাখার মতো পাতার গুচ্ছ এবং মেঝতে '2024' লেখা থ্রিডি কিউব বক্স ব্যবহার করা হয়েছে। উপকরণ হিসেবে পর্দার কাপড়, রঙিন কাগজ, প্রিন্ট করা কার্ডস্টক এবং পিচবোর্ডের বক্স ব্যবহার করা হয়েছে।","purple, blue, yellow, red"
image_186,painted_wall,1,"Arched standee wall decoration celebrating academic achievement. Components used include a main 'Congratulations' title banner, motivational text strips, a 3D mini graduation cap cutout, paper diploma scrolls tied with ribbons, medal cutouts, gold trophy cup cutouts, and multi-sized 3D star cutouts. Materials used comprise a painted display board with rainbow border trim, gold foil paper, colored craft paper, ribbons, and printed paper strips.","শিক্ষাগত সাফল্য ও সমাবর্তন উদযাপনের জন্য তৈরি একটি খিলান আকৃতির বোর্ড সজ্জা। এতে 'Congratulations' শিরোনাম, অনুপ্রেরণামূলক বাক্য, থ্রিডি মিনি গ্র্যাজুয়েশন ক্যাপ, কাগজের সনদপত্র (ডিপ্লোমা), পদক, সোনালী ট্রফি এবং বিভিন্ন আকারের থ্রিডি তারার কাটআউট ব্যবহার করা হয়েছে। উপকরণ হিসেবে রঙিন ডিসপ্লে বোর্ড, গোল্ডেন ফয়েল পেপার, কাগজ, ফিতা এবং প্রিন্ট করা স্ট্রিপ ব্যবহার করা হয়েছে।","red, yellow, grey, gold"
image_187,bulletin_board,1,"Bulletin board decoration welcoming attendees to a Graduation Day event ('Welcome To GRADUATION DAY'). Components used include colorful bubble lettering cutouts ('Welcome To'), large sparkling silver glitter text ('GRADUATION DAY'), bright yellow sunflower cutouts with glitter centers, green leaf cutouts, and small accent flowers pinned throughout. Materials used comprise a maroon felt backing board, glitter foam/cardstock, colored craft paper, and push pins.","সমাবর্তন দিবসের ('Welcome To GRADUATION DAY') অতিথিদের স্বাগত জানানোর জন্য তৈরি নোটিশ বোর্ড সজ্জা। এতে 'Welcome To' লেখা রঙিন অক্ষর, রূপালী গ্লিটারের 'GRADUATION DAY' টেক্সট, সবুজ পাতাসহ বড় হলুদ রঙের সূর্যমুখী ফুল এবং ছোট গোলাপী ফুলের কাটআউট ব্যবহার করা হয়েছে। উপকরণ হিসেবে মেরুন রঙের ফেল্ট বোর্ড, গ্লিটার কার্ডস্টক, রঙিন কাগজ এবং পুশ পিন ব্যবহার করা হয়েছে।","yellow, red, green, silver"
image_188,painted_wall,1,"Wall bulletin board display for a graduation day ceremony ('GRADUATION DAY 2025'). Components used include top title lettering, a central gold mortarboard cap cutout, '2025' year banner, twin gold leaf branches (laurel wreaths), silhouettes of graduates throwing caps, and small scattered star cutouts. Materials used consist of gold foil paper cutouts, yellow paper letters, paper silhouettes, and pins mounted on a black soft board.","সমাবর্তন দিবসের ('GRADUATION DAY 2025') জন্য তৈরি কালো বোর্ডের দেয়াল সজ্জা। এতে শিরোনামের অক্ষর, মাঝখানে সোনালী গ্র্যাজুয়েশন ক্যাপের কাটআউট, '2025' সাল, দুইটি সোনালী পাতার শাখা (লরেল লতা), টুপি ওড়ানো সিলুয়েট এবং ছোট ছোট তারা ব্যবহার করা হয়েছে। উপকরণ হিসেবে সোনালী ফয়েল পেপার, হলুদ কাগজ এবং পিন দিয়ে কালো বোর্ডে আটকানো হয়েছে।","black, yellow, gold, orange"
image_189,brick_wall,1,"Photobooth backdrop setup for a graduation celebration ('Congratulations'). Components used include a black and white vertical striped backdrop banner featuring a central 'Congratulations' medallion with a gold graduation cap, a gold glitter pennant banner string overhead, and entertaining graduation-themed photo prop signs on sticks arranged around the frame. Materials used comprise a printed fabric backdrop banner, glitter cardstock bunting, and paper prop cutouts on wooden sticks mounted against a white brick wall background.","সমাবর্তন উদযাপনের ('Congratulations') জন্য তৈরি ফটোবুথ সজ্জা। এতে কালো ও সাদা স্ট্রাইপ যুক্ত কাপড়ের ব্যাকড্রপ ব্যানার, মাঝখানে সোনালী ক্যাপসহ 'Congratulations' ফ্রেম, সোনালী গ্লিটার ব্যানার এবং চারপাশে বিভিন্ন মজার লেখাসহ স্টিক ফটো প্রপস ব্যবহার করা হয়েছে। উপকরণ হিসেবে প্রিন্ট করা ফ্যাব্রিক ব্যানার, গ্লিটার পেপার এবং কাঠের কাঠিতে পেপার প্রপস ব্যবহার করা হয়েছে।","black, white, gold, yellow"
image_190,bulletin_board,0,"Outdoor fence banner display for a graduation celebration ('Congratulations GRAD'). Components used include a large rectangular black banner featuring prominent text 'Congratulations GRAD', a central gold graduation cap motif, laurel wreath side borders, diploma scroll graphics, graduate silhouettes tossing caps, and fireworks designs. Materials used consist of a printed vinyl fabric banner with metal grommets mounted onto an outdoor wooden fence.","একটি সমাবর্তন উদযাপনের ('Congratulations GRAD') জন্য বাইরের বেড়ায় সাঁটানো ব্যানার সজ্জা। এতে একটি বড় আয়তাকার কালো ব্যানার, যার মধ্যে 'Congratulations GRAD' লেখা, মাঝখানে সোনালী ক্যাপ, দুই পাশে লরেল পাতার বর্ডার, ডিপ্লোমা স্ক্রল, ক্যাপ ওড়ানো সিলুয়েট এবং আতশবাজির নকশা ব্যবহার করা হয়েছে। উপকরণ হিসেবে মেটাল গ্রোমেটযুক্ত প্রিন্ট করা ভিনাইল ফ্যাব্রিক ব্যানার ব্যবহার করা হয়েছে যা বাইরের বেড়ায় বাঁধা।","black, gold, white, green"
image_191,painted_wall,1,"Display board decoration celebrating student achievement ('Congratulations'). Components used include a top header banner with bold script typography, cutouts of graduation mortarboard caps with gold tassels, paper silhouettes of children holding diploma scrolls, and a border decorated with glittery gold stars. Materials used comprise yellow backing paper, colored craft paper cutouts, glitter cardstock stars, and rolled paper scrolls pinned to an indoor display board.","শিক্ষার্থীদের সাফল্য উদযাপনের জন্য তৈরি একটি প্রদর্শন বোর্ড সজ্জা ('Congratulations')। এতে হস্তলিখিত অক্ষরের প্রধান ব্যানার, সোনালী ফুুলুরিযুক্ত গ্র্যাজুয়েশন ক্যাপের কাটআউট, সনদপত্র হাতে শিশুদের কাগজের সিলুয়েট এবং চারপাশে সোনালী গ্লিটার তারা ব্যবহার করা হয়েছে। উপকরণ হিসেবে হলুদ ব্যাকগ্রাউন্ড পেপার, রঙিন কাগজ, গ্লিটার কার্ডস্টক এবং সুতা দিয়ে বাঁধা কাগজের রোল ব্যবহার করা হয়েছে।","yellow, black, red, gold"
image_192,bulletin_board,1,"Standing photo booth frame display for a freshers welcome event ('FRESHERS EPISODE 2026'). Components used include metallic silver balloon-style typography cutouts, film clapperboard graphics ('YOU ARE THE MAIN CHARACTER'), retro camera cutouts, disco balls, metallic bows, fan rosettes, and star graphics. Materials used consist of a black cardstock frame structure, printed silver paper cutouts, metallic foil accents, and paper rosette fans.","নবীন বরণ অনুষ্ঠানের ('FRESHERS EPISODE 2026') জন্য তৈরি একটি ফটোবুথ ফ্রেম সজ্জা। এতে রূপালী ফয়েল অক্ষরের কাটআউট, সিনেমা ক্ল্যাপবোর্ড ('YOU ARE THE MAIN CHARACTER'), ক্যামেরা, ডিসকো বল, মেটালিক বো এবং তারার চিত্র ব্যবহার করা হয়েছে। উপকরণ হিসেবে কালো কার্ডস্টক ফ্রেম, রুপালী ফয়েল পেপার, প্রিন্ট করা কাটআউট এবং কাগজের ফুল ব্যবহার করা হয়েছে।","black, silver, white, grey"
image_193,painted_wall,1,"Self-standing photobooth photo frame for a graduation event ('GRADUATION DAY'). Components used include a large top graduation cap graphic with glitter title lettering, a side arrangement of large 3D paper rose flowers and tropical leaves, and a striped bottom accent panel decorated with mini mortarboards. Materials used comprise black board backing, gold glitter cardstock, green craft paper for 3D flowers and leaf cutouts.","সমাবর্তন উদযাপনের ('GRADUATION DAY') জন্য তৈরি একটি ফটোবুথ ফ্রেম। এতে সোনালী গ্লিটার অক্ষরের কাটআউটসহ একটি বড় গ্র্যাজুয়েশন ক্যাপ, বাম পাশে বড় সবুজ রঙের থ্রিডি কাগজের গোলাপ ও ক্রান্তীয় পাতা এবং নিচের অংশে স্ট্রাইপ যুক্ত প্যানেল ব্যবহার করা হয়েছে। উপকরণ হিসেবে কালো বোর্ড, সোনালী গ্লিটার কার্ডস্টক এবং সবুজ ক্রাফট পেপার ব্যবহার করা হয়েছে।","green, black, gold, yellow"
image_194,painted_wall,1,"Farewell ceremony welcome backdrop board ('WELCOME TO FAREWELL'). Components used include elegant gold script typography, a vibrant cluster of large 3D red paper roses adorned with metallic gold palm leaves, cascading gold mesh tulle fabric, and layered gold star cutouts. Materials used include black backdrop panels, folded red paper flowers, gold foil leaf cutouts, and sparkling gold mesh fabric.","বিদায় সংবর্ধনা অনুষ্ঠানের ('WELCOME TO FAREWELL') জন্য তৈরি একটি ব্যাকড্রপ বোর্ড সজ্জা। এতে সোনালী ক্যালিগ্রাফি অক্ষর, লাল রঙের থ্রিডি কাগজের বড় গোলাপ ফুল, সোনালী তালপাতা, কোণাকুণি ঝোলানো সোনালী নেটের কাপড় এবং সোনালী তারার কাটআউট ব্যবহার করা হয়েছে। উপকরণ হিসেবে কালো ব্যাকড্রপ প্যানেল, রঙিন কাগজ, সোনালী ফয়েল পেপার এবং সোনালী নেটের কাপড় ব্যবহার করা হয়েছে।","black, red, gold, white"
image_195,painted_wall,1,"Portable display board setup for a graduation celebration ('Graduation Day Congratulations'). Components used include bold title text banners, a top mortarboard cutout, black paper silhouette cutouts of student hands tossing graduation caps into the air, a background filled with scattered gold glitter stars, and a scalloped gold border. Materials used consist of white backing paper, black silhouette cutouts, gold glitter paper stars, and paper banners on a mobile bulletin board stand.","সমাবর্তন উদযাপনের ('Graduation Day Congratulations') জন্য তৈরি একটি বহনযোগ্য ডিসপ্লে বোর্ড। এতে লাল ব্যানার টেক্সট, গ্র্যাজুয়েশন ক্যাপের কাটআউট, উপরে ক্যাপ ওড়ানো হাতের সিলুয়েট কাটআউট, ব্যাকগ্রাউন্ডে ছড়ানো সোনালী গ্লিটার তারা এবং সোনালী বর্ডার ব্যবহার করা হয়েছে। উপকরণ হিসেবে সাদা ব্যাকগ্রাউন্ড পেপার, কালো কাগজের সিলুয়েট, গ্লিটার পেপার এবং মোবাইল বুলেটিন বোর্ড ফ্রেম ব্যবহার করা হয়েছে।","white, black, gold, red"
image_196,bulletin_board,0,"Outdoor graduation photo booth frame prop ('Class of 2021 GRADUATION'). Components used include a bold black rectangular frame with gold borders, star medallion badges ('Congrats GRAD', 'Class of 2021'), motivational message pennants ('REACH FOR THE Stars', '#Finally Finished'), gold star cutouts, polka dots, and a central mortarboard with diploma scroll cutout. Materials used comprise lightweight black foam board, gold glitter cardstock, printed paper pennants, and metallic stickers placed against outdoor greenery.","বাইরে ব্যবহারের জন্য তৈরি একটি সমাবর্তন ফটোবুথ ফ্রেম ('Class of 2021 GRADUATION')। এতে সোনালী বর্ডারসহ কালো ফ্রেম, তারার শেপের ব্যাজ, অনুপ্রেরণামূলক বাক্য সংবলিত ব্যানার কাটআউট ('REACH FOR THE Stars', '#Finally Finished'), সোনালী তারা এবং গ্র্যাজুয়েশন ক্যাপ ও ডিপ্লোমা স্ক্রলের চিত্র ব্যবহার করা হয়েছে। উপকরণ হিসেবে ফোম বোর্ড, সোনালী গ্লিটার পেপার এবং প্রিন্ট করা কাটআউট ব্যবহার করা হয়েছে।","black, gold, white, green"
image_197,painted_wall,1,"Vibrant student achievement photo booth frame ('CONGRATS SUPER WELL DONE 2024'). Components used include bold multi-colored bubbly lettering cutouts, trophy cup graphics, numbered victory medal cutouts (1, 2, 3), a colorful rainbow motif, text bubbles ('Great', 'Well Done'), and gold foil numbers displaying the year '2024'. Materials used consist of a black frame board, hand-painted/printed colorful cardstock cutouts, and gold glitter paper stars.","শিক্ষার্থীদের সাফল্য উদযাপনের জন্য তৈরি একটি বর্ণিল ফটোবুথ ফ্রেম ('CONGRATS SUPER WELL DONE 2024')। এতে রঙিন অক্ষরের কাটআউট, বিজয়ী ট্রফি, নম্বরযুক্ত মেডেল (১, ২, ৩), রংধনু, উদযাপনের বাণী ('Great', 'Well Done') এবং '2024' সাল সংবলিত সোনালী ফয়েল টেক্সট ব্যবহার করা হয়েছে। উপকরণ হিসেবে কালো ফ্রেম বোর্ড, রঙিন ক্রাফট পেপার এবং সোনালী গ্লিটার পেপার ব্যবহার করা হয়েছে।","yellow, orange, blue, red"
image_198,bulletin_board,0,"Outdoor entrance photo arch setup for a graduation event ('GRADUATION 2025'). Components used include a tall black frame arch layered with shimmering black tinsel fringe, an organic balloon garland featuring metallic gold, silver, black, and white balloons topped with a gold starburst foil balloon, side pillars featuring a mortarboard cap graphic, a rolled paper diploma cutout, gold star accents, and vertical year lettering ('2025'). Materials used comprise black fabric panels, latex balloons, foil balloons, tinsel fringe curtains, and cut cardboard lettering.","একটি সমাবর্তন অনুষ্ঠানের ('GRADUATION 2025') জন্য তৈরি বহির্দিকের প্রবেশদ্বার তোরণ ও ফটোবুথ। এতে কালো কাপড়ের ফ্রেম, কালো ঝালর পর্দা, সোনালী, রূপালী, কালো ও সাদা বেলুনের একটি গারল্যান্ড, থ্রিডি তারার ফয়েল বেলুন, গ্র্যাজুয়েশন ক্যাপ, ডিপ্লোমা স্ক্রল এবং উলম্বভাবে লেখা '2025' সাল ব্যবহার করা হয়েছে। উপকরণ হিসেবে মেটালিক বেলুন, ঝালর পর্দা, কাপড় এবং কার্ডস্টক ব্যবহার করা হয়েছে।","black, gold, silver, white"
image_199,bulletin_board,1,"Academic celebration selfie frame prop ('Congratulation! May you Shine Bright in all Colours'). Components used include a top header banner with glitter title script flanked by white paper rosette flowers and a graduation cap, a large gold trophy cutout on the side with inspirational text and a ribbon-tied diploma, multi-colored paper bar accents, glitter star cutouts, and a cloud graphic bottom panel reading '2024-25'. Materials used include a cardboard stand frame, glitter paper, colored craft paper strips, and printed graphic cutouts.","সমাবর্তন ও কৃতী শিক্ষার্থীদের উদযাপনের জন্য তৈরি একটি ফটো ফ্রেম প্রপস ('Congratulation! May you Shine Bright in all Colours')। এতে গ্লিটার অক্ষরের ব্যানার, সাদা কাগজের ফুল, গ্র্যাজুয়েশন ক্যাপ, অনুপ্রেরণামূলক বাক্যসহ বড় সোনালী বিজয়ী ট্রফি, রঙিন কাগজের স্ট্রিপ, সোনালী গ্লিটার তারা এবং '2024-25' সাল সংবলিত মেঘের নকশা ব্যবহার করা হয়েছে। উপকরণ হিসেবে কার্ডবোর্ড ফ্রেম, গ্লিটার পেপার এবং রঙিন কাগজ ব্যবহার করা হয়েছে।","yellow, blue, red, gold"
image_200,painted_wall,1,"Kindergarten graduation photo frame arch display ('UKG GRADUATION DAY All the Best'). Components used include 3D miniature black mortarboard caps with yellow tassels mounted on the top corners, colorful multi-layered paper flowers, glitter title lettering, circular motivational message medallions ('All the Best'), a giant pencil graphic cutout, ribbon badges, and cute cartoon cutouts of a boy and girl graduate at the base. Materials used comprise a self-standing wooden/cardboard frame, craft paper flowers, 3D paper caps, printed character cutouts, and glitter cardstock.","শিশু শ্রেণীর সমাবর্তন দিবসের ('UKG GRADUATION DAY All the Best') জন্য তৈরি ফটোবুথ ফ্রেম সজ্জা। এতে থ্রিডি মিনি গ্র্যাজুয়েশন ক্যাপ, রঙিন স্তরযুক্ত কাগজের ফুল, গ্লিটার টেক্সট, 'All the Best' ব্যাজ, একটি বড় পেন্সিলের কাটআউট, রিবন মেডেল এবং নিচের অংশে গ্র্যাজুয়েশন পোশাক পরা ছোট ছেলে ও মেয়ের কার্টুন কাটআউট ব্যবহার করা হয়েছে। উপকরণ হিসেবে ফ্রেম কাঠামো, রঙিন ক্রাফট পেপার, কাগজের ফুল এবং প্রিন্ট করা চিত্র ব্যবহার করা হয়েছে।","black, yellow, red, pink"
image_201,painted_wall,1,"Photo frame prop display celebrating International Women's Day ('Happy Women's Day Raising Strong Girls And Gentle Boys...'). Components used include a top title cutout, a black silhouette of a woman in an elegant gown with a flower in her hair, 3D paper butterflies, vibrant yellow paper flowers with pink centers, tropical green leaves, and a blue bottom banner displaying a quote. Materials used comprise a mustard yellow cardstock frame, black silhouette cutouts, colored paper flowers, and 3D paper butterfly accents.","নারী দিবস উদযাপনের ('Happy Women's Day Raising Strong Girls And Gentle Boys...') জন্য তৈরি একটি ফটো ফ্রেম সজ্জা। এতে থ্রিডি প্রজাপতি, মাথায় ফুলসহ একটি মহিলার কালো সিলুয়েট, গোলাপী কেন্দ্রযুক্ত হলুদ কাগজের ফুল, সবুজ পাতা এবং নিচে অনুপ্রেরণামূলক উক্তি সংবলিত নীল ব্যানার ব্যবহার করা হয়েছে। উপকরণ হিসেবে সরিষা-হলুদ রঙের বোর্ড, রঙিন ক্রাফট পেপার এবং পেপার কাটআউট ব্যবহার করা হয়েছে।","yellow, blue, black, green"
image_202,brick_wall,1,"Standing photo booth frame prop for a school graduation ceremony ('The Graduation Ceremony Batch of 2026'). Components used include gold glitter title lettering, a diploma scroll, a mortarboard cap graphic, drama/theater mask cutouts, cartoon cutouts of boy and girl graduates in gowns holding diplomas, silver glitter stars, and yellow cube year blocks showing '2026'. Materials used consist of a bright blue painted frame structure, glitter cardstock lettering, printed character cutouts, and painted wooden/foam blocks.","স্কুলের সমাবর্তন অনুষ্ঠানের ('The Graduation Ceremony Batch of 2026') জন্য তৈরি একটি ফটোবুথ ফ্রেম সজ্জা। এতে সোনালী গ্লিটার অক্ষর, ডিপ্লোমা স্ক্রল, গ্র্যাজুয়েশন ক্যাপ, থিয়েটার মাস্ক কাটআউট, গাউন পরা ছাত্র-ছাত্রীর কার্টুন চিত্র, রূপালী গ্লিটার তারা এবং '2026' সাল সংবলিত হলুদ ব্লক ব্যবহার করা হয়েছে। উপকরণ হিসেবে নীল রঙের ফ্রেম, গ্লিটার পেপার এবং প্রিন্ট করা কাটআউট ব্যবহার করা হয়েছে।","blue, gold, yellow, green"
image_203,painted_wall,1,"Display backdrop board for a poetry competition ('POETRY RECITATION COMPETITION'). Components used include cut-out title lettering, top border made of green monstera leaves, a brown paper tree cutout, large patterned paper butterflies, musical notes, white egret/crane bird cutouts, cartoon birds, and a central paper craft representation of a historic fort with a national flag. Materials used comprise a large black backing board, colored craft paper leaves and flowers, printed paper birds, and paper cutouts.","কবিতা আবৃত্তি প্রতিযোগিতার ('POETRY RECITATION COMPETITION') জন্য তৈরি একটি প্রদর্শন বোর্ড ব্যাকড্রপ। এতে উপরের বর্ডারে সবুজ পাতা, একটি কাগজের গাছ, নকশাদার প্রজাপতি, মিউজিক্যাল নোট, সাদা বক পাখির কাটআউট, কার্টুন পাখি এবং নিচে একটি ঐতিহ্যবাহী দুর্গের কাগজের ক্রাফট ব্যবহার করা হয়েছে। উপকরণ হিসেবে কালো ব্যাকড্রপ বোর্ড, রঙিন ক্রাফট পেপার এবং পেপার কাটআউট ব্যবহার করা হয়েছে।","black, green, yellow, pink"
image_204,bulletin_board,1,"Bulletin board display celebrating a poetry event ('POETRY RECITATION COMPETITION'). Components used include colorful block typography cutouts, an outer black-and-white polka dot border, layered wavy inner borders, and nursery rhyme/cartoon character cutouts including Humpty Dumpty, a girl with an umbrella, a girl holding a microphone reciting poetry, and a girl with balloons. Materials used consist of a bulletin board, black background paper, patterned border strips, and printed paper cartoon cutouts.","কবিতা আবৃত্তি প্রতিযোগিতার ('POETRY RECITATION COMPETITION') জন্য তৈরি একটি বুলেটিন বোর্ড সজ্জা। এতে রঙিন ব্লক অক্ষর, চারপাশে কালো ও সাদা পোলকা ডট বর্ডার, ঢেউখেলানো ইনার বর্ডার এবং বিভিন্ন কার্টুন চরিত্র (যেমন: হাম্পটি ডাম্পটি, মাইক হাতে আবৃত্তিরত মেয়ে, ছাতা ও বেলুন হাতে শিশুরা) ব্যবহার করা হয়েছে। উপকরণ হিসেবে বুলেটিন বোর্ড, কালো ব্যাকগ্রাউন্ড পেপার, বর্ডার স্ট্রিপ এবং প্রিন্ট করা চিত্র ব্যবহার করা হয়েছে।","black, pink, yellow, white"
image_205,painted_wall,1,"Stage backdrop display board for a school event ('POETRY RECITATION COMPETITION 2026-27'). Components used include vibrant multicolored title text, blue fabric drape curtains on both sides, green paper fringe canopy top, student speaker cutouts, popular cartoon characters (Mickey Mouse, Doraemon, Winnie the Pooh, Minnie Mouse), scattered bright star cutouts, and a bottom flowerbed strip of red paper flowers and grass. Materials used comprise a black backdrop structure, draped blue fabric, tissue/paper fringe, and printed character cutouts.","স্কুল অনুষ্ঠানের ('POETRY RECITATION COMPETITION 2026-27') জন্য তৈরি ব্যাকড্রপ সজ্জা। এতে রঙিন অক্ষর, উভয় পাশে বাধা নীল কাপড়ের পর্দা, উপরে সবুজ কাগজের ফ্রিল, মাইক্রোফোন হাতে শিক্ষার্থীদের চিত্র, বিখ্যাত কার্টুন চরিত্র (মিকি মাউস, ডোরেমন, উইনি দ্য পুহ, মিনি মাউস), উজ্জ্বল তারা এবং নিচে লাল কাগজের ফুলের বাগান ব্যবহার করা হয়েছে। উপকরণ হিসেবে কালো ব্যাকড্রপ, কাপড়ের পর্দা, কাগজের ফ্রিল এবং প্রিন্ট করা চরিত্র ব্যবহার করা হয়েছে।","black, blue, green, yellow"
image_206,painted_wall,1,"Display board decoration for a poetry contest ('POETRY COMPETITION'). Components used include colorful pennant banner lettering, a central cutout of a boy reciting into a microphone, musical clefs and notes, community helper cutouts (soldier, farmer), geometric triangular side borders, and a bottom white picket fence adorned with brightly colored paper flowers. Materials used comprise a black backing board, paper pennants, printed cartoon cutouts, and cut paper fence and flower elements.","কবিতা আবৃত্তি প্রতিযোগিতার ('POETRY COMPETITION') জন্য তৈরি একটি প্রদর্শন বোর্ড সজ্জা। এতে রঙিন পেন্যান্ট ব্যানারে লেখা শিরোনাম, মাঝে মাইক্রোফোন হাতে আবৃত্তিরত ছেলের চিত্র, মিউজিক্যাল নোট, পেশাজীবীদের কাটআউট (সৈনিক, কৃষক), জ্যামিতিক বর্ডার এবং নিচে রঙিন কাগজের ফুলযুক্ত সাদা বেড়া ব্যবহার করা হয়েছে। উপকরণ হিসেবে কালো ব্যাকড্রপ বোর্ড, কাগজের ব্যানার, প্রিন্ট করা কার্টুন এবং কাটা কাগজের ফুল ও বেড়া ব্যবহার করা হয়েছে।","black, yellow, pink, white"
image_207,brick_wall,1,Wall display set up for a sports event. Components used include 3D block lettering spelling 'SPORTS' mounted alongside a framed textured art panel depicting a dynamic female athlete reaching for a ball. Materials used consist of painted foam cutouts and textured paper artwork mounted on a red brick wall background.,একটি ক্রীড়া অনুষ্ঠানের জন্য তৈরি দেয়াল সজ্জা। এতে 'SPORTS' লেখার থ্রিডি অক্ষর এবং বল ধরার ভঙ্গিতে থাকা একজন নারী ক্রীড়াবিদের একটি শিল্পকর্ম প্যানেল ব্যবহার করা হয়েছে। উপকরণ হিসেবে চিত্রিত ফোম বা পিচবোর্ডের কাটআউট এবং টেক্সচার্ড পেপার আর্টওয়ার্ক লাল ইটের দেয়ালে স্থাপন করা হয়েছে।,"blue, red, green, white"
image_208,brick_wall,1,"Sports-themed wall art panel for an athletic celebration. Components used include an illustrated paper poster featuring a colorful sneaker resting on top of a classic soccer ball. Materials used comprise textured art paper, paints, and adhesive mounted onto a brick wall.","একটি ক্রীড়া প্রতিযোগিতার জন্য তৈরি থিমভিত্তিক চিত্রকর্ম সজ্জা। এতে একটি ফুটবল এবং তার ওপর রঙিন স্নিকার জুতার হাতে আঁকা একটি পোস্টার ব্যবহার করা হয়েছে। উপকরণ হিসেবে টেক্সচার্ড আর্ট পেপার, রঙিন রং এবং আঠা ব্যবহার করে এটি দেয়ালে টাঙানো হয়েছে।","white, black, blue, red"
image_209,brick_wall,1,"Athletic event wall artwork setup. Components used include a square textured art board depicting a silhouette of a soccer player performing an acrobatic bicycle kick with speed lines. Materials used consist of a thick paper board, colorful paint artwork, and adhesive mounted on a red brick wall.",একটি ক্রীড়া প্রতিযোগিতার ব্যাকড্রপ দেয়াল চিত্র। এতে বাইসাইকেল কিক মারার ভঙ্গিতে থাকা একজন ফুটবল খেলোয়াড়ের সিলুয়েট সম্বলিত একটি চারকোনা আর্ট বোর্ড ব্যবহার করা হয়েছে। উপকরণ হিসেবে মোটা কাগজ বা পিচবোর্ড ও বিভিন্ন রঙের পেইন্টিং ব্যবহার করা হয়েছে।,"blue, yellow, red, white"
image_210,brick_wall,1,"Wall display artwork celebrating sports and athletics. Components used include a vertical rectangular art panel depicting a decorated hand reaching up to catch a patterned soccer ball. Materials used comprise textured cardstock art paper, colorful paint medium, and mounting tape attached to a brick wall.","ক্রীড়া উৎসবের জন্য তৈরি দেয়াল সজ্জা চিত্রকর্ম। এতে রঙিন প্যাটার্নের বল হাত দিয়ে ধরার দৃশ্য সংবলিত একটি আয়তাকার আর্ট বোর্ড ব্যবহার করা হয়েছে। উপকরণ হিসেবে টেক্সচার্ড আর্ট পেপার, রঙিন রং এবং আঠা ব্যবহার করা হয়েছে।","white, pink, blue, yellow"
image_211,brick_wall,1,"Wall string art decoration for an academic event ('Textile and Apparel Engineering'). Components used include large Bengali typography formed with woven thread string art against a brushed black wooden backdrop board. Materials used consist of a wooden backing panel, mounting nails/pins, turquoise and white yarn, and chalk brush accent details.","একটি শিক্ষায়োজন বা বিভাগীয় উদযাপনের জন্য তৈরি স্ট্রিং আর্ট দেয়াল সজ্জা। এতে কালো ব্যাকড্রপ বোর্ডের ওপর সুতা দিয়ে পেঁচিয়ে বাংলা ক্যালিগ্রাফি তৈরি করা হয়েছে। উপকরণ হিসেবে কাঠের বোর্ড, পেরেক, ফিরোজা ও সাদা রঙের সুতা এবং খড়ি ব্যবহার করা হয়েছে।","black, turquoise, white, brown"
image_212,backdrop_board,0,"Entrance archway decoration for a cultural festival event ('Spandan'). Components used include a large decorative arch constructed from diamond-shaped frames holding colorful tie-dye and batik fabric swatches, an arched header banner with Bengali calligraphy, and hanging ceiling paper flowers. Materials used comprise diamond mounting boards, dyed batik textiles, paper flower garlands, and a structural frame.","একটি সাংস্কৃতিক উৎসব বা উদযাপনের প্রবেশদ্বার তোরণ সজ্জা। এতে টাই-ডাই ও বাটিক কাপড়ের নমুনা সম্বলিত হীরা আকৃতির ফ্রেম দিয়ে তৈরি একটি তোরণ, ক্যালিগ্রাফি ব্যানার এবং ছাদ থেকে ঝুলানো রঙিন কাগজের ফুল ব্যবহার করা হয়েছে। উপকরণ হিসেবে ফোম বোর্ড, টেক্সটাইল কাপড়ের টুকরো, কাগজের ফুল এবং স্ট্রাকচারাল ফ্রেম ব্যবহার করা হয়েছে।","pink, blue, orange, white"
image_213,painted_wall,1,"Indoor sports event backdrop and prize-giving ceremony setup. Components used include a large central vinyl theme banner featuring stadium graphics, organic balloon garlands framing the top and sides, and decorative wall ribbon bows. Materials used consist of a printed vinyl banner, latex balloons (light blue, dark blue, black), and satin ribbons mounted on a plain white wall.","একটি ইনডোর স্পোর্টস টুর্নামেন্ট ও পুরস্কার বিতরণী অনুষ্ঠানের ব্যাকড্রপ সজ্জা। এতে স্টেডিয়ামের গ্রাফিক্স সংবলিত একটি মূল ভিনাইল ব্যানার, ব্যানারের চারপাশে সাজানো বেলুনের তোরণ এবং দেয়ালে ছোট ছোট ফিতার বো ব্যবহার করা হয়েছে। উপকরণ হিসেবে প্রিন্ট করা ভinাইল ব্যানার, ল্যাটেক্স বেলুন (হালকা নীল, গাঢ় নীল, কালো) এবং রিবন ব্যবহার করা হয়েছে।","blue, black, white, cyan"
image_214,brick_wall,1,"Wall display decoration for an academic competition ('Math Olympiad'). Components used include a framed dark green chalkboard with bold title lettering featuring a square root mathematical symbol, flanked by floating helium balloons with ribbon tails. Materials used comprise a wood-framed chalkboard, paper/foam typography cutouts, latex balloons (green, white), and hanging ribbons mounted on a brick wall.","একটি গণিত অলিম্পিয়াড প্রতিযোগিতার জন্য তৈরি দেয়াল সজ্জা। এতে বর্গমূল চিহ্নসহ বড় অক্ষরের শিরোনাম যুক্ত একটি কাঠের ফ্রেমের বোর্ড এবং দুই পাশে ফিতা যুক্ত বেলুন ব্যবহার করা হয়েছে। উপকরণ হিসেবে কাঠের ফ্রেমের বোর্ড, ফোম বা কাগজের কাটআউট, ল্যাটেক্স বেলুন (সবুজ, সাদা) এবং রিবন ব্যবহার করা হয়েছে।","green, white, black, brown"
image_215,brick_wall,1,"Event wall setup for a design competition ('UI/UX Competition'). Components used include a dark rectangular framed display board featuring a neon yellow capsule title badge with bold lettering, surrounded by floating accent balloons with curling ribbon streamers. Materials used consist of a wooden framed board, painted cardstock cutouts, latex balloons (green, white), and ribbon strings attached to a brick wall.","একটি ডিজাইন প্রতিযোগিতার ('UI/UX Competition') জন্য তৈরি বোর্ড সজ্জা। এতে হলুদ রঙের ক্যাপসুল ব্যাজের মধ্যে 'UI/UX' লেখা ফ্রেমযুক্ত বোর্ড এবং দুই পাশে ফিতাসহ ঝুলন্ত বেলুন ব্যবহার করা হয়েছে। উপকরণ হিসেবে কাঠের ফ্রেমের বোর্ড, রঙিন কাগজের কাটআউট, ল্যাটেক্স বেলুন (সবুজ, সাদা) এবং রিবন ফিতা ব্যবহার করা হয়েছে।","yellow, green, white, black"
image_216,brick_wall,1,"Decoration display board for a technology competition event ('Hackathon'). Components used include a dark framed board featuring bold white angular typography with green lightning bolt graphic elements, flanked by decorative latex balloons with ribbon strings. Materials used comprise a wooden framed board, paper cutouts, latex balloons (green, white), and ribbon tails mounted on a red brick wall.","একটি প্রযুক্তি বিষয়ক হ্যাকেথনের ('Hackathon') জন্য তৈরি দেয়াল বোর্ড সজ্জা। এতে বিজলির প্রতিকৃতি যুক্ত আধুনিক অক্ষরের শিরোনাম সম্বলিত বোর্ড এবং চারপাশে ফিতা যুক্ত বেলুন ব্যবহার করা হয়েছে। উপকরণ হিসেবে কাঠের ফ্রেমযুক্ত বোর্ড, আর্ট পেপার কাটআউট, ল্যাটেক্স বেলুন (সবুজ, সাদা) এবং রিবন ব্যবহার করা হয়েছে।","green, white, black, lime"
image_217,brick_wall,1,"Display board setup for a gaming event ('ESPORTS TOURNAMENT'). Components used include a framed dark display board with bold lime green title lettering and floating helium balloons with ribbon tails. Materials used comprise a wooden-framed board, foam or cardstock typography cutouts, latex balloons (green, white), and curling ribbon mounted on a red brick wall.","একটি গেমিং বা ই-স্পোর্টস প্রতিযোগিতার ('ESPORTS TOURNAMENT') জন্য তৈরি বোর্ড সজ্জা। এতে উজ্জ্বল চুন-সবুজ অক্ষরের শিরোনাম সম্বলিত একটি ফ্রেমযুক্ত ব্যাকড্রপ বোর্ড এবং দুই পাশে ফিতা যুক্ত বেলুন ব্যবহার করা হয়েছে। উপকরণ হিসেবে কাঠের ফ্রেমযুক্ত বোর্ড, ফোম বা কার্ডস্টক কাটআউট, ল্যাটেক্স বেলুন (সবুজ, সাদা) এবং রিবন ব্যবহার করা হয়েছে।","green, white, black, lime"
image_218,brick_wall,1,"Event wall display board for a board game competition ('CHESS COMPETITION'). Components used include a framed dark green display board featuring bold chartreuse title typography and decorative latex balloons on both sides with hanging ribbons. Materials used consist of a wood-framed board, painted cardstock lettering, latex balloons (green, white), and hanging ribbon strings mounted on a brick wall.","একটি দাবা প্রতিযোগিতার ('CHESS COMPETITION') জন্য তৈরি দেয়াল সজ্জা। এতে গাঢ় সবুজ ফ্রেমযুক্ত বোর্ডে উজ্জ্বল অক্ষরের শিরোনাম এবং চারপাশে ঝুলন্ত ফিতাসহ ল্যাটেক্স বেলুন ব্যবহার করা হয়েছে। উপকরণ হিসেবে কাঠের ফ্রেমের বোর্ড, কার্ডস্টকের অক্ষর, ল্যাটেক্স বেলুন (সবুজ, সাদা) এবং রিবন ব্যবহার করা হয়েছে।","green, white, black, yellow"
image_219,brick_wall,1,"Wall decoration board for an academic competition ('Programming Contest'). Components used include a framed chalkboard displaying bright yellow and white typography with a stylized graphic letter motif, flanked by accent balloons with curling ribbons. Materials used comprise a wood-framed chalkboard, paper typography cutouts, latex balloons (green, white), and ribbon strings on a red brick wall.","একটি প্রোগ্রামিং প্রতিযোগিতার জন্য তৈরি দেয়াল বোর্ড সজ্জা। এতে নকশাকৃত অক্ষরের শিরোনামযুক্ত ফ্রেমের বোর্ড এবং পাশে রিবন ফিতাসহ ল্যাটেক্স বেলুন ব্যবহার করা হয়েছে। উপকরণ হিসেবে কাঠের ফ্রেমের বোর্ড, পেপার কাটআউট, ল্যাটেক্স বেলুন (সবুজ, সাদা) এবং রিবন ব্যবহার করা হয়েছে।","yellow, green, white, black"
image_220,brick_wall,1,"Display board decoration celebrating a technology showcase ('SOFTWARE EXHIBITION'). Components used include a framed dark backdrop board with lime green lettering featuring a gear symbol integrated into the title, accompanied by floating helium balloons. Materials used consist of a wood-framed board, craft paper or foam cutouts, latex balloons (green, white), and ribbon strings mounted on a brick wall.","একটি সফটওয়্যার প্রদর্শনীর ('SOFTWARE EXHIBITION') জন্য তৈরি বোর্ড সজ্জা। এতে গিয়ারের প্রতিকৃতি সম্বলিত উজ্জ্বল সবুজ শিরোনাম যুক্ত ফ্রেমের বোর্ড এবং দুই পাশে ঝুলন্ত বেলুন ব্যবহার করা হয়েছে। উপকরণ হিসেবে কাঠের ফ্রেমযুক্ত বোর্ড, আর্ট পেপার বা ফোমের কাটআউট, ল্যাটেক্স বেলুন (সবুজ, সাদা) এবং রিবন ব্যবহার করা হয়েছে।","green, white, black, lime"
image_221,brick_wall,1,"Wall display setup for a cybersecurity challenge ('CAPTURE THE FLAG'). Components used include a framed dark board with bold white text and a prominent lime green letter 'F' styled as a flag, decorated with floating accent balloons. Materials used comprise a wooden framed board, painted cardstock cutouts, latex balloons (green, white), and ribbon streamers on a brick wall.","একটি সাইবার সিকিউরিটি বা গেমিং প্রতিযোগিতার ('CAPTURE THE FLAG') জন্য তৈরি দেয়াল বোর্ড সজ্জা। এতে পতাকার প্রতীকযুক্ত অক্ষরের শিরোনাম সম্বলিত বোর্ড এবং দুই পাশে ফিতাসহ বেলুন ব্যবহার করা হয়েছে। উপকরণ হিসেবে কাঠের ফ্রেমের বোর্ড, কার্ডস্টকের কাটআউট, ল্যাটেক্স বেলুন (সবুজ, সাদা) এবং রিবন ব্যবহার করা হয়েছে।","green, white, black, lime"
image_222,brick_wall,1,"Wall display for an academic festival or departmental carnival. Components used include a prominent red sponsor plaque board, large 3D individual block letters spelling out the event name and version number, and geometric border accents. Materials used consist of painted foam/wooden block cutouts and acrylic plaques mounted directly onto an exposed brick wall surface.","একটি প্রাতিষ্ঠানিক কার্নিভাল বা উৎসবের জন্য তৈরি দেয়াল সজ্জা। এতে লাল স্পন্সর বোর্ড, অনুষ্ঠান ও সংস্করণ নির্দেশক বড় থ্রিডি ব্লকের অক্ষর এবং জ্যামিতিক বর্ডার প্লেট ব্যবহার করা হয়েছে। উপকরণ হিসেবে কাঠের বা ফোমের থ্রিডি কাটআউট এবং অ্যাক্রিলিক বোর্ড লাল ইটের দেয়ালে আটকানো হয়েছে।","red, white, teal, brown"
image_223,bulletin_board,1,"Memory wall setup for a farewell or anniversary event ('WALL OF MEMORIES'). Components used include a large brown backing board pinned with numerous photo prints in polaroid style, paper star cutouts, title lettering banners, and a perimeter warm string fairy light garland. Materials used comprise a felt/cardboard backdrop board, photo prints, paper cutouts, push pins, and fairy lights string.","একটি বিদায় বা স্মৃতিচারণমূলক অনুষ্ঠানের জন্য তৈরি 'ওয়াল অব মেমোরিজ' সজ্জা। এতে বিভিন্ন ছবির প্রিন্ট, কাগজের তারা, শিরোনামের ব্যানার এবং চারপাশে সাজানো রূপালী তারের জাদুকরী লাইটের মালা (ফেয়ারি লাইট) ব্যবহার করা হয়েছে। উপকরণ হিসেবে ফেল্ট/কার্ডবোর্ড ব্যাকড্রপ, ছবির প্রিন্ট, পেপার কাটআউট, পুশ পিন এবং এলইডি লাইট ব্যবহার করা হয়েছে।","brown, yellow, white, gold"
image_224,bulletin_board,1,"Retro disco-themed backdrop decoration for a music or dance event. Components used include black felt silhouettes of 70s dancers, large musical note cutouts, a miniature electric guitar prop, vinyl record cutouts, and roller-skating silhouette figures at the top. Materials used comprise cut felt fabric, printed cardstock props, plastic vinyl record props, and adhesive mounted on a beige carpet backdrop.","একটি গান ও নাচের অনুষ্ঠানের জন্য তৈরি রেট্রো ডিস্কো থিমযুক্ত দেয়াল সজ্জা। এতে ৭০-এর দশকের নৃত্যশিল্পীর কালো সিলুয়েট, মিউজিক্যাল নোটের কাটআউট, মিনি গিটার, ভিনাইল রেকর্ডের প্রপস এবং নর্তকীর চিত্র ব্যবহার করা হয়েছে। উপকরণ হিসেবে ফেল্ট কাপড়, প্রিন্ট করা কার্ডস্টক, প্লাস্টিকের রেকর্ড এবং টেক্সচার্ড কার্পেট ব্যাকড্রপ ব্যবহার করা হয়েছে।","black, yellow, pink, blue"
image_225,bulletin_board,1,"Educational bulletin board decoration focusing on positive values and mindset. Components used include central 3D layered profile silhouettes of human faces in vibrant warm tones, surrounding colorful speech bubble cutouts and starburst shapes containing inspirational value words. Materials used consist of layered colored cardstock, corrugated foam sheets, printed paper strips, and adhesive mounted on a blue backdrop board.","ইতিবাচক মূল্যবোধ ও মানসিকতা প্রকাশের জন্য তৈরি শিক্ষামূলক নোটিশ বোর্ড সজ্জা। এতে বিভিন্ন স্তরের রঙিন মানুষের মুখের অবয়ব এবং চারপাশের স্পিচ বাবল ও তারার আকৃতির ভেতরের অনুপ্রাণিত করার মতো বাণী সম্বলিত কাটআউট ব্যবহার করা হয়েছে। উপকরণ হিসেবে রঙিন কার্ডস্টক, ঢেউখেলানো ফোম শিট এবং নীল ডিসপ্লে বোর্ড ব্যবহার করা হয়েছে।","blue, orange, yellow, red"
image_226,backdrop_board,0,"Stage and photobooth backdrop setup for an alumni gathering ('ALUMNI MEET'). Components used include a dark central backdrop panel with radiating multicolored fabric drapery rays, hanging title banners with motivational quotes overhead, and a standing arch-shaped photo frame cutout decorated with hand-painted floral motifs. Materials used comprise draped fabric ribbons/satin, printed backdrop canvas, painted cardboard photobooth frame, and suspended paper banners.","একটি প্রাক্তন শিক্ষার্থী পুনর্মিলনী ('ALUMNI MEET') অনুষ্ঠানের জন্য তৈরি মঞ্চ ও ফটোবুথ সজ্জা। এতে সূর্যরশ্মির মতো ছড়ানো রঙিন কাপড়ের পর্দার ব্যাকড্রপ, ওপর থেকে ঝুলন্ত বাণীর ব্যানার এবং হাতে আঁকা ফুলের নকশাসহ একটি তোরণ আকৃতির ফটো প্রপস ফ্রেম ব্যবহার করা হয়েছে। উপকরণ হিসেবে ফ্যাব্রিক বা সুতি কাপড়, ব্যাকড্রপ ক্যানভাস, আঁকা কার্ডবোর্ডের ফটোফ্রেম এবং ঝুলন্ত পেপার ব্যানার ব্যবহার করা হয়েছে।","yellow, red, blue, green"
image_227,painted_wall,1,"Graduation celebration floor display setup featuring two stacked black box towers spelling 'CLASS' and '2025' in green paper letters. Flanked by organic balloon garland columns with sage green, white, metallic gold, and confetti balloons.","একটি গ্র্যাজুয়েশন উদযাপনের ফ্লোর সজ্জা যেখানে দুটি কালো বক্স টাওয়ারে সবুজ অক্ষরের 'CLASS' এবং '2025' লেখা রয়েছে। চারপাশে জলপাই সবুজ, সাদা, সোনালী এবং কনফেটি বেলুনের স্তম্ভ দিয়ে সাজানো হয়েছে।","green, black, gold, white"
image_228,bulletin_board,0,"Directional signpost decoration for a carnival event featuring colorful arrow cutouts spelling 'EVENT', 'DANCE', 'FOOD', 'FUN', and 'GAMES'. Topped with a red marquee banner titled 'WELCOME TO CARNIVAL'.","কার্নিভাল বা উৎসবের জন্য তৈরি একটি দিকনির্দেশক সাইনপোস্ট সজ্জা। এতে 'EVENT', 'DANCE', 'FOOD', 'FUN', 'GAMES' লেখার জন্য রঙিন তীরের আকৃতির কাটআউট এবং ওপরে লাল মার্কি ব্যানার ব্যবহার করা হয়েছে।","red, blue, yellow, pink"
image_229,bulletin_board,1,"Music event backdrop display board titled 'DYNAMITE Vocalist'. Uses a dark fabric background embellished with golden stars, a large treble clef cutout, red electric guitar prop, microphone cutout, vinyl record shapes, and metallic waves.","একটি সংগীত বা ভোকাল প্রতিযোগিতার ('DYNAMITE Vocalist') ব্যাকড্রপ সজ্জা। কালো কাপড়ের ব্যাকগ্রাউন্ডে সোনালী তারা, মিউজিক্যাল নোট (ট্রেবল ক্লিফ), লাল গিটার, মাইক্রোফোন প্রপস এবং ভিনাইল রেকর্ড দিয়ে সাজানো হয়েছে।","black, gold, red, white"
image_230,backdrop_board,0,"Outdoor sports day decoration board setup featuring individual letter posters spelling 'SPORTS' decorated with star cutouts. Includes handmade sports balls (volleyball, baseball, basketball, soccer, cricket ball) on pedestal boxes below.","ক্রীড়া প্রতিযোগিতার জন্য তৈরি বহিরাঙ্গন ডিসপ্লে সজ্জা। এতে 'SPORTS' বানানের পৃথক রঙিন পোস্টার বোর্ড, নিচে হাতে তৈরি বিভিন্ন খেলার বল এবং শিক্ষার্থীদের কার্টুন কাটআউট রয়েছে।","yellow, orange, blue, green"
image_231,backdrop_board,0,"Interactive school welcome photo booth frame prop placed on a wooden bench. Features a black-and-white checkered border topped with cloud cutouts reading 'PLAY LEARN AND GROW TOGETHER', side letters for 'WELCOME', and cartoon kids riding a pencil.",স্কুলে নতুনদের স্বাগতম জানানোর জন্য তৈরি ফটো ফ্রেম প্রপস। এতে চেক বর্ডারের ফ্রেমে মেঘের আকৃতিতে 'PLAY LEARN AND GROW TOGETHER' বাণী এবং পেন্সিলে চড়া কার্টুন শিশুদের চিত্র ব্যবহার করা হয়েছে।,"white, black, yellow, red"
image_232,bulletin_board,1,"Chalkboard display board for a quiz contest ('QUIZ COMPETITION') framed with tissue paper flowers. Features colorful speech bubble typography, paper clocks, hourglass cutouts, and question marks.","কুইজ প্রতিযোগিতার জন্য তৈরি সবুজ কাঠের বোর্ড সজ্জা। এর চারপাশে কাগজের তৈরি ফুল, ওপরে 'QUIZ' লেখার স্পিচ বাবল কাটআউট এবং বোর্ডে ঘড়ি, বালিঘড়ি ও প্রশ্নবোধক চিহ্ন সাজানো রয়েছে।","green, white, yellow, pink"
image_233,painted_wall,1,"Wall string banner garland for a sports-themed event with the phrase 'IT'S GAME TIME' in bold black letters. Interspersed with paper cutouts of various sports balls such as basketballs, footballs, baseballs, and soccer balls.","খেলাধুলার থিমযুক্ত স্পোর্টস ইভেন্টের জন্য ঝুলন্ত ফিতা/ব্যানার সজ্জা। সাদা সূতায় গাঢ় অক্ষরে 'IT'S GAME TIME' লেখার কাটআউট এবং মাঝে ছোট ছোট বাস্কেটবল, ফুটবল ও বেসবলের চিত্র দিয়ে সাজানো হয়েছে।","white, black, orange, brown"
image_234,bulletin_board,1,"Debate contest wall decoration ('DEBATE COMPETITION') on a deep red backdrop. Features light green typography, the tagline 'Speak Your mind, make Your Case!', podium cutouts labeled 'A' and 'B', emoji faces, and paper flowers along the bottom.","বিতর্ক প্রতিযোগিতার ('DEBATE COMPETITION') জন্য লাল ব্যাকড্রপ দেয়াল সজ্জা। এতে হালকা সবুজ অক্ষরের শিরোনাম, স্লোগান, 'A' ও 'B' চিহ্নিত পোডিয়াম cutout, ইমোজি এবং নিচে রঙিন কাগজের ফুল ব্যবহার করা হয়েছে।","red, green, blue, orange"
image_235,bulletin_board,0,"Large motivational sports event display board featuring a black runner silhouette holding a torch with 3D multi-colored crepe paper flames. Displayed alongside the quote 'EVERYONE HAS THE FIRE, BUT THE CHAMPIONS KNOW WHEN TO IGNITE THE SPARK.'","খেলাধুলার ইভেন্টের অনুপ্রেরণামূলক ব্যাকড্রপ বোর্ড সজ্জা। এতে মশাল হাতে একজন দৌড়বিদ বা অ্যাথলেটের অবয়ব, থ্রিডি কাগজের শিখা এবং সুন্দর প্রেরণাদায়ক উক্তি রয়েছে।","white, blue, red, yellow"
image_236,bulletin_board,1,"Quiz competition poster display ('NATIONAL SYMBOLS Quiz COMPETITION') framed with patterned border tape. Adorned with hand-drawn paper cutouts of a trophy cup ('1st'), clock, lightbulb, pencil, question mark, and checkmark.","'NATIONAL SYMBOLS Quiz COMPETITION' এর জন্য তৈরি হাতে আঁকা পোস্টার সজ্জা। এর চারপাশে ডটেড বর্ডার টেপ এবং ভেতরে ট্রফি, ঘড়ি, লাইটবাল্ব, পেন্সিল ও টিক চিহ্নের রঙিন চিত্র সম্বলিত কাটআউট রয়েছে।","white, red, yellow, black"
image_237,painted_wall,1,"Studio wall decoration featuring a top banner titled 'SPARK STUDIOS'. Adorned with black musical note cutouts, treble clef, vinyl records, and a colorful rainbow piano keyboard runner running along the floor baseboard.","'SPARK STUDIOS' শিরোনামের একটি স্টুডিও দেয়াল সজ্জা। এতে কালো মিউজিক্যাল নোট, ট্রেবল ক্লিফ, ভিনাইল রেকর্ড এবং মেঝের বর্ডার বরাবর একটি রঙিন রংধনু পিয়ানো কিবোর্ড রানার ব্যবহার করা হয়েছে।","white, rainbow, black, yellow"
image_238,bulletin_board,1,"Vertical sports event welcome board titled 'Welcome to Sport-a-Thon'. Features paper cutouts of sports balls, interlocking paper-ring Olympic symbol, a gold trophy cutout, cheerleader cutout, glittery stars, and stacked colorful arrow signs for event activities ('Play', 'March Past', 'Games', 'Fun', 'Prizes').","'Welcome to Sport-a-Thon' শিরোনামের একটি ক্রীড়া ইভেন্টের ওয়েলকাম বোর্ড। এতে বিভিন্ন খেলার বলের কাটআউট, পেপার-রিং দিয়ে তৈরি অলিম্পিক প্রতীক, ট্রফি, চিয়ারলিডার এবং ইভেন্টের সময়সূচীর জন্য রঙিন তীরের কাটআউট ব্যবহার করা হয়েছে।","white, yellow, red, blue, green"
image_239,painted_wall,1,"Music-themed wall display featuring a large red and brown acoustic/electric guitar prop mounted diagonally. Surrounded by vinyl record cutouts, colorful stars, musical notes, and a 3D accordion paper piano key stand to the side.","সঙ্গীত থিমের একটি দেয়াল সজ্জা যেখানে একটি বড় লাল এবং বাদামী গিটার তির্যকভাবে টানানো রয়েছে। চারপাশে ভিনাইল রেকর্ড, রঙিন তারা, মিউজিক্যাল নোট এবং পাশে থ্রিডি কাগজের তৈরি পিয়ানো কি-এর স্ট্যান্ড রয়েছে।","beige, red, black, gold, blue"
image_240,bulletin_board,1,"Farewell event photo booth frame prop wrapped in dark grey paper. Features sparkly yellow typography reading 'PHOTO BOOTH', adorned with paper cutouts of a film clapboard, camera, vinyl record, masquerade masks, crown, and bottom placards labeled 'Episode. Farewell'.","ফেয়ারওয়েল বা বিদায় সংবর্ধনা অনুষ্ঠানে ছবি তোলার জন্য তৈরি একটি ফটো বুথ ফ্রেম প্রপস। ধূসর রঙের ফ্রেমে চমৎকার চকচকে হলুদ অক্ষরে 'PHOTO BOOTH' লেখা, এবং সিনেমা ক্ল্যাপবোর্ড, ক্যামেরা, ভিনাইল রেকর্ড, মাস্ক ও ট্রফির প্রপ্স দিয়ে সাজানো হয়েছে।","grey, yellow, black, white"
image_241,bulletin_board,1,"Sports activity signage cutouts reading 'PLAY TIME' mounted on a glass panel door. Features bold blue and orange letters framed in black, surrounded by sports ball cutouts including a basketball, soccer balls, volleyball, and American football.","কাচের দরজায় লাগানো খেলাধুলার সাইনেজ কাটআউট যাতে 'PLAY TIME' লেখা রয়েছে। এতে গাঢ় নীল ও কমলা অক্ষরের পাশাপাশি বাস্কেটবল, ফুটবল, ভলিবল এবং আমেরিকান ফুটবলের কাটআউট ব্যবহার করা হয়েছে।","black, blue, orange, white"
image_242,bulletin_board,1,"Stage curtain backdrop decoration for an alumni reunion reading 'WELCOME TO ALUMNI MEET 2022-23'. Uses a deep maroon fabric backdrop decorated with hanging multi-colored paper lanterns, balloon garland frills, and traditional golden decorative cutouts on the sides.","অ্যালুমনি মিটের জন্য প্রস্তুত করা স্টেজ ব্যাকড্রপ সজ্জা যাতে 'WELCOME TO ALUMNI MEET 2022-23' লেখা রয়েছে। গাঢ় লাল কাপড়ের ব্যাকড্রপে রঙিন ঝুলন্ত কাগজের হারিকেন/লণ্ঠন, বেলুন এবং দুই পাশে ঐতিহ্যবাহী গোল্ডেন নকশার কাটআউট ঝুলানো হয়েছে।","maroon, green, white, pink, yellow"
image_243,painted_wall,1,"Sports-themed entrance archway structure around a door titled 'GAME ON!'. Supported by two checkered-pattern cylindrical pillars, topped with a large banner header featuring sports ball cutouts, and a matching black door display with the tagline 'GEARING UP FOR LIFE'S BIG GAME'.","দরজার চারপাশে 'GAME ON!' থিমের তৈরি এন্ট্রান্স আর্চ বা প্রবেশদ্বার সজ্জা। এতে দুটি চেক-প্যাটার্নের স্তম্ভ, ওপরে খেলাধুলার বলের চিত্রসহ ব্যানার এবং দরজায় 'GEARING UP FOR LIFE'S BIG GAME' লেখার বোর্ড রয়েছে।","white, black, red, green"
image_244,backdrop_board,0,"Outdoor event sculpture display built from stacked white cubic boxes spelling 'XENESIS' and '2026'. Topped with a cute black robot cutout, and featuring hand-painted artistic boxes with checkered patterns, flowers, and guitar illustrations at the base.","বহিরাঙ্গন উৎসবের জন্য তৈরি বিভিন্ন বক্সের স্তূপ দিয়ে নির্মিত ভাস্কর্য প্রদর্শনী। সাদা বাক্সে উল্লম্বভাবে 'XENESIS' এবং '2026' লেখা, ওপরে একটি রোবটের কাটআউট এবং নিচে গিটার ও ফুল আঁকা সুন্দর নকশাকৃত বাক্স রয়েছে।","white, black"
image_245,bulletin_board,1,"Framed debate competition bulletin board titled 'DEBATE' in green and red letter cutouts. Set on a yellow poster board with a light blue podium cutout, displaying debate topics such as 'All work & no play makes Jack a dull boy' and 'Moral values are inherited not inculcated'.","কাঠের ফ্রেমে তৈরি বিতর্ক প্রতিযোগিতার নোটিশ/ডিসপ্লে বোর্ড। হলুদ পোস্টার পেপারে সবুজ-লাল কাটআউট অক্ষরে 'DEBATE' লেখা, পাশে একটি নীল পোডিয়াম এবং বিতার্কিকদের বিষয়ে দুটি বিতর্কের টপিক লেখা রয়েছে।","yellow, green, red, blue"
image_246,backdrop_board,0,"Outdoor sports day award and medal display rack stand made of white crossbars. Features a prominent gold trophy cutout labeled '1' in the center, topped with a yellow badge cutout, holding rows of red, green, and blue ribbon medals.","খেলাধুলার পুরস্কার ও মেডেল ঝুলিয়ে রাখার জন্য বহিরাঙ্গনে তৈরি বিশেষ ডিসপ্লে স্ট্যান্ড। সাদা ফ্রেমে তৈরি র্যাকে ১ নম্বর লেখা বড় গোল্ডেন ট্রফি cutout রয়েছে এবং চারপাশে লাল, নীল ও সবুজ ফিতার মেডেল ঝুলিয়ে রাখা হয়েছে।","white, yellow, red, blue, green"
image_247,bulletin_board,0,"Storytelling competition stage display board titled 'IMPACT ENGLISH MEDIUM SCHOOL' and 'STORY TELLING COMPETITION'. Decorated with a jungle theme featuring paper cutouts of a lion, tiger, monkey, duck, dog, elephant, colorful butterflies, hanging paper leaves, and bright paper flowers along the bottom border.","'IMPACT ENGLISH MEDIUM SCHOOL' এবং 'STORY TELLING COMPETITION' শিরোনামের একটি গল্প বলা প্রতিযোগিতার ডিসপ্লে বোর্ড। এতে বনের থিম ব্যবহার করে সিংহ, বাঘ, বানর, হাঁস, কুকুর, হাতি, রঙিন প্রজাপতি, ঝোলানো কাগজের পাতা এবং নিচের সীমানায় উজ্জ্বল কাগজের ফুল দিয়ে সাজানো হয়েছে।","white, green, red, yellow, orange"
image_248,bulletin_board,0,"Motivational sports signage board titled 'EVERYTHING YOU NEED TO WIN IS ALREADY INSIDE YOU' placed on a green playing field. Set on a blue board with gold trimming, featuring an illustration of a raised fist holding a gold medal with the number '1' on a red and yellow ribbon.","সবুজ খেলার মাঠে স্থাপিত একটি অনুপ্রেরণামূলক ক্রীড়া সাইনেজ বোর্ড, যাতে লেখা 'EVERYTHING YOU NEED TO WIN IS ALREADY INSIDE YOU'। গোল্ডেন বর্ডারসহ নীল রঙের এই বোর্ডে একটি মুষ্টিবদ্ধ হাতের চিত্র এবং লাল-হলুদ ফিতায় ১ নম্বর লেখা একটি স্বর্ণপদক প্রদর্শিত হয়েছে।","blue, red, yellow, white, gold"
image_249,backdrop_board,0,"Sports event finish line setup featuring a red floral archway topped with a 'GAME ON!' banner. Includes cardboard cutouts of running children breaking a red ribbon, sports ball props, and a ground banner spelling 'FINISH' flanked by red cones and potted plants.","স্পোর্টস ডে-র ফিনিশ লাইন সজ্জা, যেখানে 'GAME ON!' ব্যানারসহ একটি লাল ফুলের তোরণ রয়েছে। এতে দৌড়ানো শিশুদের কাটআউট, ফিতা ছেঁড়ার দৃশ্য, বিভিন্ন খেলার বলের প্রপস এবং লাল ট্রাফিক কোণ ও টবসহ মাটিতে 'FINISH' লেখা ব্যানার ব্যবহার করা হয়েছে।","red, white, green, orange, blue"
image_250,painted_wall,1,"Music room wall decoration titled 'MUSIC ROOM' written in an arch. Adorned with five framed colorful wall panels showcasing musical instruments including an electric guitar, trumpet, drum kit, piano keyboard, and saxophone.","আর্চ আকারে লেখা 'MUSIC ROOM' শিরোনামের একটি মিউজিক রুমের দেয়াল সজ্জা। এতে ফ্রেমযুক্ত পাঁচটি রঙিন প্যানেলে বৈদ্যুতিক গিটার, ট্রাম্পেট, ড্রাম সেট, পিয়ানো কিবোর্ড এবং স্যাক্সোফোনের চিত্র প্রদর্শিত হয়েছে।","beige, purple, orange, green, yellow, teal"
image_251,brick_wall,1,"Wall display arrangement on a red brick wall featuring eight octagonal boards with gold borders. Displays mechanical engineering event branding and Bengali typographic logos including 'AUST MECHANICAL SOCIETY', gears, engines, robotic arms, and festival names like 'প্রজ্জ্বলন', 'প্রান্তিক', and 'প্রকম্পন'.","লাল ইটের দেয়ালে সাজানো আটটি অষ্টভুজাকৃতির বোর্ডের একটি প্রদর্শনীবোর্ড। এতে 'AUST MECHANICAL SOCIETY'-এর লোগোসহ বিভিন্ন যান্ত্রিক গিয়ার, ইঞ্জিন, রোবোটিক আর্ম এবং 'প্রজ্জ্বলন', 'প্রান্তিক', 'প্রকম্পন', 'আলোড়ন' ও 'নাবোদয়' লেখা বাংলা টাইপোগ্রাফিক ডিজাইন প্রদর্শিত হয়েছে।","red, white, black, gold"
image_252,brick_wall,1,Sports and mechanical-themed wall display on a red brick background featuring a large yellow gear outline surrounding a soccer ball motif. Accompanied by smaller black and yellow gears scattered around and faded stencil background lettering reading 'CARNIVAL SEASON'.,"লাল ইটের দেয়ালের ওপর তৈরি খেলাধুলা ও মেকানিকাল থিমের দেয়াল সজ্জা। এতে একটি বড় হলুদ গিয়ারের মাঝে ফুটবলের নকশা রয়েছে, যার চারপাশে ছোট ছোট কালো ও হলুদ গিয়ার এবং ব্যাকগ্রাউন্ডে 'CARNIVAL SEASON' লেখা রয়েছে।","red, yellow, black, white"
image_253,brick_wall,1,"Mechanical engineering-themed photo frame prop standing on wooden legs against a red brick wall. Features a white frame border titled 'MECHANICAL' in bold black letters, decorated with teal and white gear cutouts at the corners.",লাল ইটের দেয়ালের সামনে কাঠের স্ট্যান্ডের ওপর রাখা মেকানিক্যাল ইঞ্জিনিয়ারিং থিমের একটি ফটো ফ্রেম প্রপ্স। সাদা ফ্রেমের ওপরে গাঢ় কালো অক্ষরে 'MECHANICAL' লেখা এবং কোণগুলোতে নীল ও সাদা রঙের গিয়ার কাটআউট দিয়ে সাজানো হয়েছে।,"white, black, teal, red"
image_254,brick_wall,1,"Circular memory photo wall display mounted on a red brick wall. Features a large round central board filled with small printed event photos surrounding a central event logo, with additional photos pinned extending radially onto the brick wall around it.",লাল ইটের দেয়ালে টানানো একটি গোলাকার স্মৃতিচিত্র বা ফটো কোলাজ ডিসপ্লে। কেন্দ্রের ইভент লোগোটিকে ঘিরে অসংখ্য ছোট ছোট ছবি বৃত্তাকারে সাজানো হয়েছে এবং বেশ কিছু ছবি বাইরের দেয়ালেও ছড়িয়ে পিন দিয়ে লাগানো রয়েছে।,"red, white, black, gold"
image_255,brick_wall,1,Sports-themed wall art display on a red brick wall featuring black silhouette cutouts of two soccer players—one running to kick and another sliding—flanking a classic black and white soccer ball.,লাল ইটের দেয়ালে সাজানো ক্রীড়া থিমের দেয়াল শিল্প। এতে দুই ফুটবল খেলোয়াড়ের (একজন কিক করছে এবং অন্যজন স্লাইড করছে) কালো সিলুয়েট কাটআউট এবং মাঝখানে একটি ঐতিহ্যবাহী সাদা-কালো ফুটবল প্রদর্শিত হয়েছে।,"red, black, white"
image_256,bulletin_board,1,"Classroom soft display board titled 'STORY TELLING COMPETITION' made with colorful creative letter cutouts styled as cartoon animals and clock shapes. Decorated with a paper tree prop, pencil cutout, school bus, flowers, and a cutout of a boy reading a book at the bottom.","ক্লাসরুমের সফট ডিসপ্লে বোর্ড যাতে 'STORY TELLING COMPETITION' শিরোনামটি কার্টুন পশু ও ঘড়ির আকৃতির রঙিন কাগজের কাটআউটে লেখা রয়েছে। বোর্ডের চারপাশে কাগজের তৈরি গাছ, পেন্সিল, স্কুল বাস, ফুল এবং নিচে বই পড়া একটি ছেলের কাটআউট রয়েছে।","black, yellow, green, red, blue, purple"
image_257,backdrop_board,1,"Stage backdrop display titled 'Story Telling Activity' decorated with a vibrant jungle and wildlife theme. Features large paper cutouts of a giraffe, monkey, flamingo, tiger cub, two children holding microphones, a smiling sun wearing glasses, and lush greenery.","'Story Telling Activity' শিরোনামের একটি মঞ্চের ব্যাকড্রপ ডিসপ্লে বোর্ড, যা বনাঞ্চল ও বন্যপ্রাণীর থিমে সুন্দরভাবে সাজানো হয়েছে। এতে জিরাফ, বানর, ফ্লেমিঙ্গো, বাঘের ছানা, মাইক্রোফোন হাতে দুটি শিশু, চশমা পরা একটি সূর্য এবং সবুজ গাছপালার কাগজের কাটআউট রয়েছে।","green, yellow, orange, blue, brown, red"
image_258,backdrop_board,1,"Creative display board titled 'Story Telling Competition' set against a black background with a border of colorful paper flowers. Adorned with cutouts of a clown kite, peacock, crocodile, crow sitting on a pot, tree, and butterflies.","কালো ব্যাকগ্রাউন্ডের ওপর 'Story Telling Competition' শিরোনামের একটি দৃষ্টিনন্দন ডিসপ্লে বোর্ড, যার চারপাশের সীমানা রঙিন কাগজের ফুল দিয়ে সাজানো। এতে জোকার ঘুড়ি, ময়ূর, কুমির, কলসির ওপর বসা কাক, গাছ এবং প্রজাপতির কাটআউট রয়েছে।","black, yellow, green, pink, blue, orange"
image_259,backdrop_board,0,Tri-fold memory photo display board titled 'MEMORIES ARE TIMELESS TREASURES OF THE heart' written in white cursive calligraphy. Features numerous photo prints pinned across the side panels and strung with jute twines across the black center panel.,সাদা ক্যালিগ্রাফিতে 'MEMORIES ARE TIMELESS TREASURES OF THE heart' লেখা একটি ত্রি-ফোল্ড স্মৃতির ফটো ডিসপ্লে বোর্ড। কালো ব্যাকগ্রাউন্ডের এই বোর্ডের দুই পাশের প্যানেলে এবং মাঝখানে পাটের সুতো দিয়ে ঝুলিয়ে রাখা অসংখ্য ছবি প্রদর্শিত হয়েছে।,"black, white, brown, yellow"
image_260,bulletin_board,0,"Outdoor directional signage board titled 'Welcome To Family Fun Fair' topped with a yellow framed banner. Features colorful directional arrows for 'Face Painting', 'Games', 'Rides', and 'Food & Drinks', styled with cute cartoon characters and red fringe along the bottom.","বাইরে উঠোনে স্থাপিত একটি দিকনির্দেশক সাইনেজ বোর্ড, যার শীর্ষে 'Welcome To Family Fun Fair' লেখা ব্যানার রয়েছে। এতে 'Face Painting', 'Games', 'Rides' এবং 'Food & Drinks' নির্দেশক রঙিন তীরচিহ্ন এবং নিচে লাল ঝালর রয়েছে।","red, yellow, green, blue, black"
image_261,bulletin_board,1,"Indoor directional signpost topped with a circular sign reading 'WELCOME TO CARNIVAL' flanked by colorful paper balloon cutouts. Includes arrow-shaped signs indicating sections like 'FOOD', 'GAMES', 'RIDES', 'TATTOOS', 'PRIZES', 'LUCKY DRAW', and 'SCIENCE EXHIBITION'.","ইনডোর সজ্জার অংশ হিসেবে তৈরি দিকনির্দেশক কাঠের সাইনপোস্ট, যার শীর্ষে রঙিন কাগজের বেলুন ও 'WELCOME TO CARNIVAL' লেখা বৃত্তাকার বোর্ড রয়েছে। এতে 'FOOD', 'GAMES', 'RIDES', 'TATTOOS', 'PRIZES', 'LUCKY DRAW' এবং 'SCIENCE EXHIBITION' নির্দেশক বিভিন্ন তীরচিহ্ন রয়েছে।","yellow, blue, red, green, white"
image_262,bulletin_board,1,"Farewell event directional signpost featuring a red shield top board titled 'WELCOME To FAREWELL'. Stacked with arrow cutouts guiding attendees toward 'EVENT', 'DANCE', 'FOOD', 'FUN', and 'GAMES'.","ফেয়ারওয়েল অনুষ্ঠানের জন্য তৈরি দিকনির্দেশক সাইনপোস্ট, যার শীর্ষে লাল ঢাল আকৃতির বোর্ডে 'WELCOME To FAREWELL' লেখা রয়েছে। এর নিচে 'EVENT', 'DANCE', 'FOOD', 'FUN' এবং 'GAMES' নির্দেশক তীরচিহ্ন সংযুক্ত করা হয়েছে।","red, blue, pink, yellow, brown"
image_263,backdrop_board,1,"Musical themed entrance decor featuring a green bamboo archway and yellow curtain. Flanked by large props including a wooden acoustic guitar cutout, a colorful hand drum (dhol), paper flowers, peace symbols, and colorful picket fences.","সবুজ বাঁশের খিলান ও হলুদ পর্দা দিয়ে তৈরি একটি সঙ্গীতভিত্তিক প্রবেশদ্বার সজ্জা। এর দুই পাশে বড় আকারের কাঠের একোস্টিক গিটার ও রঙিন ঢোলের কাটআউট, পেপার ফ্লাওয়ার, পিস বা শান্তির প্রতীক এবং রঙিন কাঠের বেড়া রয়েছে।","green, yellow, brown, pink, blue"
image_264,bulletin_board,1,"Investiture ceremony display board set on a black background titled 'Investiture ceremony' in yellow script. Features a 3D silver torch prop with paper flames, surrounded by stylized colorful figures, golden stars, and house flags representing water, earth, fire, and air.","কালো ব্যাকগ্রাউন্ডের ওপর 'Investiture ceremony' শিরোনামের একটি ডিসপ্লে বোর্ড। এতে কাগজের শিখাসহ একটি ত্রিমাত্রিক রূপালী মশাল, রঙিন মানুষের সিলুয়েট, সোনালী তারকা এবং পানি, মাটি, আগুন ও বায়ুর প্রতীক সম্বলিত হাউস ফ্ল্যাগ প্রদর্শন করা হয়েছে।","black, yellow, red, blue, silver, gold"
image_265,bulletin_board,1,"Music themed display board titled 'TIME & TUNE' on a light green background adorned with black musical notes. Features crafted props of traditional Indian instruments including a sitar, dholak, tabla, and flute, positioned under a university seal on the wall.","হালকা সবুজ ব্যাকগ্রাউন্ডে 'TIME & TUNE' শিরোনামের মিউজিক থিমযুক্ত ডিসপ্লে বোর্ড। এতে সেতার, ঢোলক, তবলা ও বাঁশির চমৎকার কাটআউট প্রপ্স এবং মিউজিক্যাল নোটের নকশা ব্যবহার করা হয়েছে।","mint green, brown, yellow, pink, black"
image_266,bulletin_board,1,"Quiz competition display board on a black background titled 'QUIZ COMPETITION' with mottos 'THINK • CHALLENGE • WIN' and 'BE SMART. BE FAST. BE THE CHAMPION!'. Decorated with yellow light bulbs, red and yellow question marks, a brain silhouette, and stacked books.","কালো ব্যাকগ্রাউন্ডে 'QUIZ COMPETITION' লেখা কুইজ প্রতিযোগিতার সাইনেজ বোর্ড, যাতে 'THINK • CHALLENGE • WIN' এবং 'BE SMART. BE FAST. BE THE CHAMPION!' বার্তা রয়েছে। এতে উজ্জ্বল লাইট বাল্ব, প্রশ্নবোধক চিহ্ন, মস্তিষ্কের আউটলাইন এবং বইয়ের চিত্র সংযুক্ত রয়েছে।","black, yellow, red, blue, white"
image_267,bulletin_board,1,"Easel-mounted display board titled 'WELCOME TO QAWALI NIGHT' set against a black background with a gold border. Features colorful lettering, event schedule details for 'Tuesday Oct 25th 2022 6:00pm To 9:00pm' on an orange box, musical notes, and paper cutouts of traditional instruments including a dholak and tablas.","সোনালী বর্ডারসহ কালো ব্যাকগ্রাউন্ডে 'WELCOME TO QAWALI NIGHT' শিরোনামের একটি ইজেল-মাউন্ট করা ডিসপ্লে বোর্ড। এতে 'Tuesday Oct 25th 2022 6:00pm To 9:00pm' সময়সূচীসহ কমলা রঙের বক্স, মিউজিক্যাল নোট এবং ঢোলক ও তবলার মতো লোকজ বাদ্যযন্ত্রের কাগজের কাটআউট রয়েছে।","black, gold, yellow, orange, blue, green, pink, purple"
image_268,bulletin_board,0,"Indoor entrance sign titled 'WELCOME TO CLUSTER CHAMPIONS ROUND METABRAIN' set on a light blue cutout board paired with a black and white checkered side panel. Decorated with a lightbulb cutout holding a pink brain icon, timer, magnifying glass, paper airplane, and a circle containing mathematical symbols.","হালকা নীল ব্যাকগ্রাউন্ডের ওপর 'WELCOME TO CLUSTER CHAMPIONS ROUND METABRAIN' লেখা ইনডোর প্রবেশদ্বার সাইনবোর্ড, যার পাশে একটি সাদা-কালো দাবা ঘরের প্যানেল রয়েছে। এতে গোলাপি ব্রেইন বা মস্তিষ্কের আইকনসহ লাইট বাল্ব, টাইমার, আতশ কাচ, কাগজের বিমান এবং গাণিতিক চিহ্নের চিত্র রয়েছে।","light blue, dark blue, pink, yellow, green, black, white"
image_269,bulletin_board,1,"Standalone display board titled 'LEARNERS AS PARTNERS' on a white board with a black frame. Features a large four-piece lightbulb jigsaw puzzle in purple, red, yellow, and blue, being assembled together by four cartoon hands.","কালো ফ্রেমের সাদা বোর্ডে 'LEARNERS AS PARTNERS' শিরোনামের একটি স্ট্যান্ডঅ্যালোন ডিসপ্লে বোর্ড। এতে বেগুনি, লাল, হলুদ ও নীল রঙের ৪টি টুকরো দিয়ে তৈরি লাইট বাল্ব আকৃতির একটি জিগস পাজল রয়েছে, যা ৪টি কার্টুন হাত একসাথে জোড়া দিচ্ছে।","white, black, purple, red, yellow, blue"
image_270,bulletin_board,1,"Tall green display board framed in pink paper titled 'INTER HOUSE QUIZ COMPETITION'. Features speech bubbles reading 'IDEA' and 'Yes, I know', question mark cutouts, a lightbulb icon, a boy wearing glasses, and colorful paper flowers at the bottom.","গোলাপি কাগজের বর্ডারসহ একটি লম্বা সবুজ ডিসপ্লে বোর্ড, যার শীর্ষে 'INTER HOUSE QUIZ COMPETITION' লেখা। এতে 'IDEA' এবং 'Yes, I know' লেখা স্পিচ বাবল, প্রশ্নবোধক চিহ্ন, চশমা পরা একটি ছেলের মুখ এবং নিচে রঙিন পেপার ফ্লাওয়ার দিয়ে সাজানো হয়েছে।","green, pink, yellow, blue, white, red"
image_271,bulletin_board,1,"Display board titled 'INTER HOUSE DEBATE COMPETITION' with a cursive subtitle 'war of words'. Set against an off-white background with colorful patterned borders, hanging festive garland, and drawings of wooden podiums with microphones on both sides.",'INTER HOUSE DEBATE COMPETITION' এবং লাল ক্যালিগ্রাফিতে 'war of words' লেখা একটি ডিসপ্লে বোর্ড। রঙিন সীমানা ও ঝুলন্ত পতাকার নকশায় সাজানো এই বোর্ডে দুই পাশে দুটি মাইক্রোফোনসহ কাঠের পডিয়ামের চিত্র রয়েছে।,"white, green, red, blue, brown, yellow"
image_272,bulletin_board,1,"Pink event board titled 'INTER HOUSE ENGLISH DEBATE COMPETITION' dated '15.07.22', bordered with wavy blue paper and floral rosettes at each corner. Displays group breakdown categories (Group A1 to Group D) on orange banners alongside cute pencil character cutouts.","নীল ঢেউখেলানো বর্ডার এবং কোণায় কাগজের ফুল দিয়ে সাজানো গোলাপি রঙের ডিসপ্লে বোর্ড, যাতে 'INTER HOUSE ENGLISH DEBATE COMPETITION' এবং তারিখ '15.07.22' লেখা রয়েছে। এতে কিউট পেন্সিল কার্টুন এবং 'Group A1' থেকে 'Group D' পর্যন্ত বিভিন্ন গ্রুপের তথ্য কমলা ব্যানারে প্রদর্শিত হয়েছে।","pink, blue, orange, yellow, red, white"
image_273,bulletin_board,1,"Wooden-framed dark blue bulletin board titled 'INTERHOUSE COMPETITION' in vibrant cutout letters. Decorated with tree branches, colorful paper birds, green leaves, and hanging birdhouses labeled for Earth, Air, Art, and Water houses.","কাঠের ফ্রেমযুক্ত গাঢ় নীল বুলেটিন বোর্ড, যাতে 'INTERHOUSE COMPETITION' বর্ণমালা দিয়ে সাজানো। এতে গাছের ডাল, রঙিন পেপার বার্ড বা পাখি, সবুজ পাতা এবং Earth, Air, Art, ও Water হাউসের জন্য চিহ্নিত ঝুলন্ত পাখির বাসার নকশা রয়েছে।","dark blue, pink, yellow, green, brown, purple"
image_274,bulletin_board,0,"Outdoor baseball-themed yard sign set up on a grassy sports field titled 'ALL STARS'. Features sparkling silver lettering accompanied by baseball and softball props, a catcher's mitt cutout, patriotic red and blue stars, balloons, and a home plate sign reading 'There's No Place Like Home'.","খেলার মাঠে ঘাসের ওপর স্থাপিত বেসবল থিমের আউটডোর ইয়ার্ড সাইন, যাতে চকচকে রূপালী হরফে 'ALL STARS' লেখা রয়েছে। এর সাথে বেসবল, সফটবল, ক্যাচার্স গ্লাভস, লাল ও নীল তারকা, বেলুন এবং 'There's No Place Like Home' লেখা হোম প্লেটের কাটআউট রয়েছে।","silver, red, blue, white, yellow, brown"
image_275,bulletin_board,0,"Vibrant motivational outdoor lawn sign set up on open grass reading 'YOU CAN DO IT!' with a 'WAY TO GO!' badge. Surrounded by decorative cutouts of yellow stars, a colorful beach ball, a pinwheel, a festive emoji wearing a party hat, and colorful balloons.","খোলা সবুজ মাঠে স্থাপিত অনুপ্রেরণামূলক আউটডোর লন সাইন, যাতে বড় অক্ষরে 'YOU CAN DO IT!' এবং 'WAY TO GO!' ব্যাজ লেখা রয়েছে। এতে হলুদ তারকা, রঙিন বিচ বল, চড়কি, পার্টি হ্যাট পরা ইমোজি এবং বেলুনের কাটআউট সাজানো হয়েছে।","blue, red, yellow, green, white, pink"
image_276,bulletin_board,0,"Sports-themed outdoor sign placed on a grassy field in front of tall buildings, featuring bold red lettering reading 'GAME ON!'. Topped with cutouts of three sports balls: a volleyball, a basketball, and a soccer ball.","উঁচু ভবনের সামনে ঘাসের মাঠে স্থাপিত স্পোর্টস থিমযুক্ত আউটডোর সাইন, যাতে লাল অক্ষরের স্পষ্ট লেখায় 'GAME ON!' লেখা রয়েছে। উপরে ভলিবল, বাস্কেটবল এবং ফুটবল—এই তিনটি বলের কাটআউট প্রপস দেওয়া হয়েছে।","red, black, white, orange"
image_277,backdrop_board,1,"Stage backdrop and display setup titled 'MUSIC' in large colorful paper cutouts against a black curtain with twinkling string lights and white and yellow musical notes. Features a red curtain draped panel in the center with a large blue paper guitar, paper flowers in white, yellow, and pink, and a red carpet runner extending forward.","কালো পর্দার ওপর ঝুলন্ত রিং লাইট এবং সাদা ও হলুদ মিউজিক্যাল নোট দিয়ে সাজানো একটি স্টেজ ব্যাকড্রপ, যার শীর্ষে 'MUSIC' বড় রঙিন কাগজে লেখা। মাঝখানে একটি লাল পর্দা, একটি নীল পেপার গিটার, সাদা, হলুদ ও গোলাপি পেপার ফ্লাওয়ার এবং সামনে বিস্তৃত একটি লাল কার্পেট রয়েছে।","black, red, yellow, green, purple, pink, blue, orange, white"
image_278,wooden_wall,0,"Outdoor welcome entrance display titled 'WELCOME TO HHS JOHAR CAMPUS' and 'CONGRATS'. Features tall cutout display panels with yellow lettering on brown, a purple panel, a giant pencil cutout, a colorful dinosaur height measurement chart, stacked book props, and colorful alphabet blocks at the base spelling out 'CONGRATS'.","খোলা মাঠে স্থাপিত একটি আউটডোর ওয়েলকাম ডিসপ্লে, যাতে 'WELCOME TO HHS JOHAR CAMPUS' এবং নিচে রঙিন ব্লকে 'CONGRATS' লেখা রয়েছে। এতে লম্বা প্যানেল, হলুদ অক্ষর, একটি বিশাল পেন্সিলের কাটআউট, ডাইনোসরের উচ্চতা মাপার চার্ট, বইয়ের প্রপস এবং রঙিন বর্ণমালার ব্লক সাজানো হয়েছে।","brown, yellow, purple, pink, green, orange, blue, white, black"
image_279,wooden_wall,0,"Outdoor music-themed board setup titled 'Annual Singing Competition 2025-26' on beige corrugated boards set over artificial green grass. Features a black musical staff with treble clef and musical notes spanning the panels, decorated with yellow, white, and brown paper flowers, dried branches, and a violin prop cutout with open sheet music on a wooden stand.","কৃত্রিম সবুজ ঘাসের ওপর বেজ রঙের বোর্ডে তৈরি গান প্রতিযোগিতার ব্যাকড্রপ, যাতে 'Annual Singing Competition 2025-26' লেখা রয়েছে। এতে ট্রেবল ক্লিফ ও মিউজিক্যাল নোটসহ গান শেখার স্বরলিপি, হলুদ ও সাদা পেপার ফ্লাওয়ার, শুকানো ডালপালা এবং একটি বেহালা ও খোলা সুরের বইয়ের প্রপস সাজানো রয়েছে।","beige, brown, yellow, black, white, green"
image_280,bulletin_board,0,"Outdoor graduation photo booth and display setup on a grassy lawn, featuring a central navy blue board reading 'A SWEET Ending TO A NEW Beginning' in gold and yellow lettering with stars. Flanked by a photo frame structure adorned with graduation cutouts and speech bubbles reading 'YOU DID IT', 'SO PROUD OF YOU', 'GRAD', diploma, cap, and trophy props.","ঘাসের মাঠে স্থাপিত গ্র্যাজুয়েশন ফটোবুথ ও সাইনবোর্ড, যার মূল গাঢ় নীল বোর্ডে সোনালী ও হলুদ হরফে 'A SWEET Ending TO A NEW Beginning' লেখা রয়েছে। পাশে একটি ফটো ফ্রেম কাঠামো রয়েছে যা 'YOU DID IT', 'SO PROUD OF YOU', 'GRAD', ডিপ্লোমা, টুপি এবং ট্রফির কাটআউট প্রপস দিয়ে সাজানো।","blue, yellow, gold, pink, white, black, green"
image_281,wooden_wall,1,"Cultural event stage backdrop set on bamboo mats titled '১৪৩৩' and 'বাংলার ফলের মেলা' (Bengali Fruit Fair) in bold yellow Bengali lettering. Decorated with large green banana leaf cutouts, palm fronds, folk art paintings of traditional figures and clay pots, and red, yellow, and orange circular cutouts displaying Bengali numerals.","বাঁশের চাটাইয়ের ব্যাকড্রপে '১৪৩৩' এবং 'বাংলার ফলের মেলা' শিরোনামের সাংস্কৃতিক প্রদর্শনীর ব্যাকড্রপ। এতে বড় সবুজ কলা পাতা, তালপাতা, ঐতিহ্যবাহী লোকশিল্পের চিত্রচিত্রিত মাটির পাতিল ও মানুষের ছবি এবং লাল, হলুদ ও কমলা গোলাকার কাটআউটে বাংলা সংখ্যা দিয়ে সাজানো হয়েছে।","yellow, green, brown, red, orange, white, blue"
image_282,bulletin_board,0,"Tall black motivational display board set outdoors beside potted plants, filled with colorful banner cutouts featuring inspirational phrases such as 'dream', 'NO LIMIT', 'FOCUS ACHIEVE REPEAT', 'NEVER Give UP', 'EXPRESS YOURSELF', 'TRUST', 'HAVE NO FEAR', 'GET LOUD', 'LAUGH OFTEN', and 'You Rock'.","টবে রাখা গাছের পাশে বাইরে স্থাপিত একটি লম্বা কালো মোটিভেশনাল সাইনবোর্ড, যাতে 'dream', 'NO LIMIT', 'FOCUS ACHIEVE REPEAT', 'NEVER Give UP', 'EXPRESS YOURSELF', 'TRUST', 'HAVE NO FEAR', 'GET LOUD', 'LAUGH OFTEN' এবং 'You Rock'-এর মতো বেশ কিছু রঙিন মোটিভেশনাল উক্তি সম্বলিত কাটআউট রয়েছে।","black, yellow, green, pink, purple, blue, orange, red, white"
image_283,bulletin_board,0,"Space and science exhibition archway titled 'SCIT' with a Pi symbol (π) integrated as 'SCIπ' on a blue space-patterned banner. Set on a grass field, it features cutouts of a flaming meteor, a flying saucer UFO, an astronaut holding planet balloons, and a bright yellow robot figure.","মহাশূন্য ও বিজ্ঞান থিমের আউটডোর তোরণ বা গেট, যাতে নীল ব্যাকগ্রাউন্ডের ব্যানারে 'SCIπ' লেখা রয়েছে। এতে একটি জ্বলন্ত উল্কাপিন্ড, উড়ন্ত সসার (ইউএফও), গ্রহ আকৃতির বেলুন ধরা একজন অ্যাস্ট্রোনট বা নভোচারী এবং একটি উজ্জ্বল হলুদ রোবটের কাটআউট দিয়ে সাজানো হয়েছে।","blue, yellow, orange, red, purple, white, green"
image_284,bulletin_board,0,"Large white outdoor motivational display board set on green turf, featuring bold black typography in the center reading 'TEAM WORK MAKES THE DREAM WORK'. The text is bordered with a vibrant collage of colorful sticky notes in pink, yellow, orange, blue, and red with handwritten appreciation notes and drawings.","সবুজ টারফ বা খেলার মাঠে স্থাপিত একটি বড় সাদা মোটিভেশনাল বোর্ড, যার কেন্দ্রে কালো হরফে 'TEAM WORK MAKES THE DREAM WORK' লেখা রয়েছে। চারপাশ গোলাপি, হলুদ, কমলা, নীল ও লাল রঙের অসংখ্য পোস্ট-ইট বা নোট দিয়ে ঘিরে সাজানো, যাতে ধন্যবাদ বার্তা, হৃদয় ও তারার চিহ্ন রয়েছে।","white, black, yellow, pink, orange, blue, red, green"
image_285,bulletin_board,1,"Indoor tech-themed photo booth frame titled 'TECH EXPO' in colorful 3D-style block letters along the top. Placed on a stool, the black frame is decorated with tech cutouts including a lightbulb, rocket, smartphone, gears, headphones, mechanical keyboard, gaming controller, laptop, Wi-Fi icon, and a blue robot cutout.","ইনডোরে প্লাস্টিকের টুলের ওপর রাখা প্রযুক্তি থিমের একটি ফটোবুথ ফ্রেম, যার শীর্ষে রঙিন অক্ষরে 'TECH EXPO' লেখা রয়েছে। এর কালো সীমানাজুড়ে লাইটবাল্ব, রকেট, স্মার্টফোন, গিয়ার, হেডফোন, কীবোর্ড, গেম কন্ট্রোলার, ল্যাপটপ, ওয়াই-ফাই প্রতীক এবং একটি নীল রোবটের কাটআউট দিয়ে সাজানো হয়েছে।","black, white, blue, orange, red, yellow, green"
image_286,bulletin_board,0,"Outdoor sports-themed lawn sign set on a dry field reading 'GAME ON' in large blue cutout letters topped with green stars. Decorated with athletic props including an American football cutout on the left, a red jersey shirt prop, and a large basketball prop on the right.","শুকনা খেলার মাঠে স্থাপিত স্পোর্টস থিমযুক্ত লন সাইন, যাতে সবুজ তারকাযুক্ত বড় নীল কাটআউট অক্ষরে 'GAME ON' লেখা রয়েছে। এর দুই পাশে আমেরিকান ফুটবল, একটি লাল জার্সি এবং একটি বাস্কেটবলের প্রপস রাখা রয়েছে।","blue, green, red, orange, brown, white"
image_287,bulletin_board,1,Indoor blue display board in an aluminum frame titled 'InterHouse PPT Making Competition' and 'Sachdeva Global School' in stylized handwritten lettering. Bordered with colorful diamond-shaped folded paper cutouts and decorated with a green computer monitor prop on the lower right.,"ইনডোরে অ্যালুমিনিয়াম ফ্রেমের নীল ডিসপ্লে বোর্ড, যাতে হাতে লেখা স্টাইলে 'InterHouse PPT Making Competition' এবং 'Sachdeva Global School' লেখা রয়েছে। চারপাশ রঙিন চারকোনা কাগজের বর্ডার দিয়ে ঘেরা এবং নিচে একটি সবুজ মনিটরের কাটআউট প্রপ রয়েছে।","blue, yellow, green, red, orange, pink, white"
image_288,brick_wall,1,"Light blue event display board titled 'PROJECT EXHIBITION' in bold white typography with red accents, set against indoor red brick tile flooring and decorated with clusters of inflated white and blue balloons.","লাল ইটের টাইলসের মেঝের ওপর স্থাপিত হালকা নীল ডিসপ্লে বোর্ড, যাতে সাদা ও লাল হরফে 'PROJECT EXHIBITION' লেখা রয়েছে। বোর্ডের চারপাশে সাদা ও নীল রঙের বেলুন দিয়ে সাজানো হয়েছে।","blue, white, red, brown"
image_289,brick_wall,1,Light blue competition sign titled 'UI/UX COMPETITION' in large white cutout letters with red highlighting. Placed indoors over red brick flooring and adorned with white and blue balloons near the bottom corner.,"ইনডোরে লাল ইটের মেঝের ওপর রাখা হালকা নীল সাইনবোর্ড, যাতে সাদা ও লাল রঙে 'UI/UX COMPETITION' লেখা রয়েছে। এক পাশে সাদা ও নীল বেলুন দিয়ে সাজানো।","blue, white, red, brown"
image_290,brick_wall,1,"Light blue quiz contest board reading 'QUIZ COMPETITION' in red letters on white box cutouts. Features red speech bubble cutouts displaying question and exclamation marks, set over indoor red brick tiles.","লাল ইটের মেঝের ওপর রাখা হালকা নীল রঙের বোর্ড, যাতে সাদা বাক্সে লাল অক্ষরে 'QUIZ COMPETITION' লেখা রয়েছে। পাশে প্রশ্নবোধক ও বিস্ময়সূচক চিহ্নযুক্ত লাল স্পিচ বাবল কাটআউট সাজানো রয়েছে।","blue, red, white, brown"
image_291,brick_wall,1,"Gaming event display board titled 'ESPORTS TOURNAMENT' vertically in red and 'PUBG' on a small cutout box, decorated with props of a crown, a soccer ball, and a die, flanked by blue and white balloons on brick tile flooring.","লাল ইটের মেঝের ওপর স্থাপিত 'ESPORTS TOURNAMENT' এবং 'PUBG' লেখা হালকা নীল ডিসপ্লে বোর্ড। এতে মুকুট, ফুটবল ও লুডুর ছক্কার কাটআউট প্রপস এবং নীল ও সাদা বেলুন সাজানো রয়েছে।","blue, red, white, black, brown"
image_292,brick_wall,1,"Indoor event sign reading 'CAPTURE THE FLAG' in white block lettering outlined in black with a small pink flag accent on a light blue board, decorated with blue and white balloons at the base over brick tiles.","লাল ইটের মেঝের ওপর হালকা নীল বোর্ড, যাতে 'CAPTURE THE FLAG' এবং একটি ছোট গোলাপি পতাকার আইকন দেওয়া রয়েছে। নিচে নীল ও সাদা রঙের বেলুন সাজানো।","blue, white, black, pink, brown"
image_293,brick_wall,1,"Academic contest sign titled '3 minute THESIS' featuring a prominent pink number '3', a white stopwatch icon with red marks, and clear lettering on a light blue board set on indoor brick flooring with white and blue balloons.","লাল ইটের টাইলসের মেঝের ওপর রাখা হালকা নীল বোর্ড, যাতে একটি বড় গোলাপি '৩', স্টপওয়াচের চিত্র এবং '3 minute THESIS' লেখা রয়েছে। পাশে সাদা ও নীল বেলুন রাখা।","blue, white, pink, red, brown"
image_294,brick_wall,1,"Light blue board titled 'CHESS COMPETITION' in white cutout block letters, alongside a black knight chess piece icon inside a circle, placed on red brick tile flooring with blue and white balloon accents.","ইনডোর লাল ইটের মেঝের ওপর স্থাপিত 'CHESS COMPETITION' লেখা হালকা নীল বোর্ড, যাতে বৃত্তের ভেতর একটি কালো দাবার ঘোড়ার কাটআউট রয়েছে। পাশে নীল ও সাদা বেলুন দিয়ে সাজানো।","blue, white, black, brown"
image_295,brick_wall,1,"Tall light blue banner board titled 'INTRA AUST PROGRAMMING CONTEST' in bold navy lettering enclosed within red bracket frames, resting on red brick tiles with blue and white balloon arrangements.","লাল ইটের ওপর রাখা লম্বাটে হালকা নীল বোর্ড, যার লাল ব্র্যাকেটের ভেতরের গাঢ় নীল হরফে 'INTRA AUST PROGRAMMING CONTEST' লেখা রয়েছে। এক পাশে নীল ও সাদা বেলুন দিয়ে সাজানো।","blue, white, red, brown"
image_296,brick_wall,1,"Indoor tech contest sign titled 'HACKATHON' in white cutout text with lightning bolt details, featuring 'AI' inside a highlighted red box cutout, set over brick tiles with white and blue balloons.","লাল ইটের টাইলসের ওপর রাখা 'HACKATHON AI' লেখা হালকা নীল বোর্ড, যাতে বিদ্যুতের চমকের চিহ্ন এবং লাল বাক্সে 'AI' আলাদা করে সাজানো হয়েছে। পাশে সাদা ও নীল বেলুন দেওয়া।","blue, white, red, brown"
image_297,backdrop_board,0,"Freestanding exhibition photo board titled 'ECO FRAME'. Components used include a central display of framed nature photographs, green foam lettering for the title, large folded paper flowers in the corners, and small potted artificial plants hanging in painted paper cups. Materials used consist of a metal frame stretched with brown jute burlap fabric, wooden picture frames, colored paper, and paper cups.","ECO FRAME' শিরোনামের একটি ফ্রিস্ট্যান্ডিং প্রদর্শনী ফটো বোর্ড। এতে ফ্রেমযুক্ত প্রকৃতির ছবির প্রদর্শনী, শিরোনামের জন্য সবুজ ফোমের অক্ষর, কোণায় বড় ভাঁজ করা কাগজের ফুল এবং রঙ করা কাগজের কাপে ঝুলন্ত ছোট কৃত্রিম গাছ ব্যবহার করা হয়েছে। উপকরণ হিসেবে বাদামী রঙের চটের কাপড় দিয়ে ঢাকা মেটাল ফ্রেম, কাঠের ফ্রেম, রঙিন কাগজ এবং কাগজের কাপ ব্যবহৃত হয়েছে।","brown, green, yellow, purple, white"
image_298,backdrop_board,0,"Eco-friendly backdrop decoration featuring a tree made from recycled materials. Components used include a tree trunk and branches cutout, green paper leaves, white and yellow paper flowers, paper grass, and hanging cardboard signs reading 'FROM WASTE TO WONDER' and 'THIS ART WAS ONCE WASTE'. Materials used consist of white cloth draped over a frame, colored craft paper, and cardboard.","পুনর্ব্যবহৃত উপাদান দিয়ে তৈরি একটি পরিবেশবান্ধব থিমযুক্ত ব্যাকড্রপ সজ্জা। এতে গাছের কাণ্ড ও শাখা-প্রশাখার কাটআউট, সবুজ কাগজের পাতা, সাদা ও হলুদ কাগজের ফুল, কাগজের ঘাস এবং 'FROM WASTE TO WONDER' ও 'THIS ART WAS ONCE WASTE' লেখা ঝুলন্ত কার্ডবোর্ডের সাইন ব্যবহার করা হয়েছে। উপকরণ হিসেবে সাদা কাপড়ের ব্যাকড্রপ, রঙিন ক্রাফট পেপার এবং কার্ডবোর্ড ব্যবহৃত হয়েছে।","green, brown, white, yellow"
image_299,backdrop_board,0,"Indoor glass wall display featuring bold red 3D lettering for 'NexTech' with an integrated lightning bolt symbol, decorated with colorful paper gear cutouts and binary code numbers across glass panels in a building hallway.","ভবনের ইনডোর হলওয়ের কাচের দেয়ালের ওপর 'NexTech' লেখা লাল থ্রিডি অক্ষর ও বিজলির চিহ্ন, যা বিভিন্ন রঙের গিয়ারের কাটআউট এবং বাইনারি নম্বর দিয়ে সাজানো হয়েছে।","red, yellow, orange, white, black, grey"
image_300,bulletin_board,1,"Motivational wall display cut out in the shape of a winding road reading 'THE ROAD TO SUCCESS IS BUILT WITH A THOUSAND SMALL DETERMINED MOMENTS', surrounded by road signs like 'REST HERE', 'EASY WAY', and 'TAKE A BREAK'.","একটি আঁকাবাঁকা রাস্তার আকৃতিতে তৈরি অনুপ্রেরণামূলক দেয়াল ডিসপ্লে, যাতে 'THE ROAD TO SUCCESS IS BUILT WITH A THOUSAND SMALL DETERMINED MOMENTS' এবং পাশে 'REST HERE', 'EASY WAY', 'TAKE A BREAK' ইত্যাদি ট্রাফিক সাইন রয়েছে।","black, white, yellow, red, green"
image_301,bulletin_board,0,"Outdoor event sign framed within a circular metal ring with green gear shapes reading 'NAIROBI Litfest a festival of ideas', alongside logos for 'Hay Festival Global' and 'book bunk' decorated with multi-colored interlocking gears.","একটি বৃত্তাকার ধাতব বলয়ের ভেতর সবুজ গিয়ারের পটভূমিতে 'NAIROBI Litfest a festival of ideas' লেখা আউটডোর ইভেন্ট সাইন, যাতে 'Hay Festival Global' ও 'book bunk'-এর লোগো এবং রঙিন গিয়ার সাজানো রয়েছে।","green, blue, white, orange, pink, yellow, black"
image_302,bulletin_board,1,"Black indoor display board bordered with colorful paper gear cutouts, featuring the motivational phrase 'WE'RE IN GEAR FOR A GREAT YEAR!' written in coral pink block letters.","কালো ব্যাকগ্রাউন্ডের ইনডোর ডিসপ্লে বোর্ড, যার চারপাশে বিভিন্ন রঙের কাগজের গিয়ার কাটআউট দিয়ে বর্ডার দেওয়া এবং মাঝখানে 'WE'RE IN GEAR FOR A GREAT YEAR!' লেখা রয়েছে।","black, pink, yellow, blue, green, orange"
image_303,wooden_wall,0,"Outdoor wall mural depicting a sculpted brown tree structure with branches decorated with colorful gears, clock dials, a target board reading 'SUCCESS', and decorative toy cars mounted on an exterior white wall.","সাদা আউটডোর দেয়ালের ওপর নির্মিত বাদামি গাছের কাণ্ড ও ডালের তৈরি শিল্পকর্ম, যাতে 'SUCCESS' ও 'ENERGY' লেখা রঙিন গিয়ার, ঘড়ির কাঁটা, লক্ষ্যবস্তুর বোর্ড এবং ছোট খেলনা গাড়ি লাগানো রয়েছে।","white, green, red, blue, yellow, orange, brown, black"